기준년월,기준년도,기준월,자치구,매매가,전세가,월세가
2018-01-01,2018,1,종로구,602125000,431250000,1459000
2018-02-01,2018,2,종로구,607646000,433333000,1459000
2018-03-01,2018,3,종로구,611500000,435313000,1459000
2018-04-01,2018,4,종로구,615833000,436354000,1459000
2018-05-01,2018,5,종로구,619167000,437604000,1457000
2018-06-01,2018,6,종로구,622708000,440417000,1448000
2018-07-01,2018,7,종로구,626417000,442458000,1443000
2018-08-01,2018,8,종로구,631021000,442813000,1443000
2018-09-01,2018,9,종로구,637167000,445292000,1443000
2018-10-01,2018,10,종로구,642313000,445875000,1445000
2018-11-01,2018,11,종로구,643875000,447438000,1445000
2018-12-01,2018,12,종로구,644083000,446604000,1445000
2019-01-01,2019,1,종로구,710411000,467054000,1462000
2019-02-01,2019,2,종로구,709786000,465804000,1457000
2019-03-01,2019,3,종로구,709661000,461964000,1457000
2019-04-01,2019,4,종로구,709554000,460179000,1457000
2019-05-01,2019,5,종로구,709214000,459196000,1457000
2019-06-01,2019,6,종로구,709250000,459018000,1457000
2019-07-01,2019,7,종로구,709250000,458643000,1458000
2019-08-01,2019,8,종로구,709679000,458911000,1458000
2019-09-01,2019,9,종로구,711357000,459732000,1458000
2019-10-01,2019,10,종로구,713732000,460518000,1459000
2019-11-01,2019,11,종로구,715696000,461661000,1455000
2019-12-01,2019,12,종로구,720375000,463339000,1456000
2020-01-01,2020,1,종로구,1022319000,586403000,1538000
2020-02-01,2020,2,종로구,1023083000,587125000,1539000
2020-03-01,2020,3,종로구,1023917000,588306000,1541000
2020-04-01,2020,4,종로구,1023250000,588917000,1541000
2020-05-01,2020,5,종로구,1021861000,589361000,1542000
2020-06-01,2020,6,종로구,1022514000,590625000,1543000
2020-07-01,2020,7,종로구,1029542000,592292000,1543000
2020-08-01,2020,8,종로구,1033625000,592708000,1543000
2020-09-01,2020,9,종로구,1036486000,593597000,1543000
2020-10-01,2020,10,종로구,1036681000,594347000,1544000
2020-11-01,2020,11,종로구,1037986000,595569000,1545000
2020-12-01,2020,12,종로구,1039903000,599639000,1552000
2021-01-01,2021,1,종로구,1041444000,602222000,1554000
2021-02-01,2021,2,종로구,1044347000,603417000,1555000
2021-03-01,2021,3,종로구,1045819000,603778000,1555000
2021-04-01,2021,4,종로구,1047819000,604278000,1555000
2021-05-01,2021,5,종로구,1048722000,604417000,1555000
2021-06-01,2021,6,종로구,1050750000,604847000,1548000
2021-07-01,2021,7,종로구,986488000,615663000,1247000
2021-08-01,2021,8,종로구,993400000,620913000,1254000
2021-09-01,2021,9,종로구,1000450000,625763000,1264000
2021-10-01,2021,10,종로구,1010325000,631013000,1263000
2021-11-01,2021,11,종로구,1019263000,635275000,1278000
2021-12-01,2021,12,종로구,1020950000,636475000,1281000
2022-01-01,2022,1,종로구,1020513000,636363000,1283000
2022-02-01,2022,2,종로구,1018100000,634475000,1286000
2022-03-01,2022,3,종로구,1016508000,633859000,1288000
2022-04-01,2022,4,종로구,1015970000,633104000,1295000
2022-05-01,2022,5,종로구,1015670000,632641000,1296000
2022-06-01,2022,6,종로구,1014683000,631054000,1292000
2022-07-01,2022,7,종로구,1010645000,629541000,1293000
2022-08-01,2022,8,종로구,1002308000,625679000,1296000
2022-09-01,2022,9,종로구,990920000,619304000,1299000
2022-10-01,2022,10,종로구,977845000,611004000,1297000
2022-11-01,2022,11,종로구,962933000,599279000,1296000
2022-12-01,2022,12,종로구,937788000,580996000,1296000
2023-01-01,2023,1,종로구,913802000,562009000,1281000
2023-02-01,2023,2,종로구,905123000,548885000,1272000
2023-03-01,2023,3,종로구,896901000,536317000,1261000
2023-04-01,2023,4,종로구,893358000,531836000,1259000
2023-05-01,2023,5,종로구,891642000,530848000,1258000
2023-06-01,2023,6,종로구,891599000,531256000,1259000
2023-07-01,2023,7,종로구,892493000,531522000,1262000
2023-08-01,2023,8,종로구,894653000,532498000,1266000
2023-09-01,2023,9,종로구,900209000,535979000,1269000
2023-10-01,2023,10,종로구,904562000,538510000,1276000
2023-11-01,2023,11,종로구,905864000,540670000,1279000
2023-12-01,2023,12,종로구,905173000,541016000,1280000
2024-01-01,2024,1,종로구,903061000,541394000,1289000
2024-02-01,2024,2,종로구,903002000,541565000,1294000
2024-03-01,2024,3,종로구,903624000,542455000,1297000
2018-01-01,2018,1,중구,623017000,470533000,1518000
2018-02-01,2018,2,중구,631950000,473283000,1518000
2018-03-01,2018,3,중구,640967000,474283000,1518000
2018-04-01,2018,4,중구,646217000,474033000,1518000
2018-05-01,2018,5,중구,651383000,473950000,1518000
2018-06-01,2018,6,중구,655550000,473783000,1518000
2018-07-01,2018,7,중구,661633000,474283000,1518000
2018-08-01,2018,8,중구,670733000,476117000,1518000
2018-09-01,2018,9,중구,682467000,478867000,1518000
2018-10-01,2018,10,중구,688617000,481517000,1526000
2018-11-01,2018,11,중구,691400000,481767000,1526000
2018-12-01,2018,12,중구,692683000,481633000,1526000
2019-01-01,2019,1,중구,775667000,491750000,1542000
2019-02-01,2019,2,중구,773200000,490300000,1542000
2019-03-01,2019,3,중구,771283000,488767000,1541000
2019-04-01,2019,4,중구,769767000,488167000,1541000
2019-05-01,2019,5,중구,768983000,487567000,1541000
2019-06-01,2019,6,중구,768583000,487150000,1541000
2019-07-01,2019,7,중구,768833000,486467000,1541000
2019-08-01,2019,8,중구,770233000,486100000,1541000
2019-09-01,2019,9,중구,771567000,486600000,1540000
2019-10-01,2019,10,중구,776133000,487550000,1540000
2019-11-01,2019,11,중구,780283000,488433000,1540000
2019-12-01,2019,12,중구,783633000,489450000,1539000
2020-01-01,2020,1,중구,795743000,487586000,1554000
2020-02-01,2020,2,중구,796557000,488814000,1554000
2020-03-01,2020,3,중구,797357000,489393000,1554000
2020-04-01,2020,4,중구,796986000,489493000,1554000
2020-05-01,2020,5,중구,796157000,489507000,1553000
2020-06-01,2020,6,중구,796086000,489671000,1553000
2020-07-01,2020,7,중구,802257000,490671000,1553000
2020-08-01,2020,8,중구,806143000,492571000,1553000
2020-09-01,2020,9,중구,807771000,493957000,1553000
2020-10-01,2020,10,중구,808743000,495257000,1553000
2020-11-01,2020,11,중구,809900000,496900000,1555000
2020-12-01,2020,12,중구,812157000,500329000,1558000
2021-01-01,2021,1,중구,814614000,502343000,1559000
2021-02-01,2021,2,중구,820100000,503729000,1559000
2021-03-01,2021,3,중구,822257000,504443000,1559000
2021-04-01,2021,4,중구,823314000,504643000,1559000
2021-05-01,2021,5,중구,824371000,504757000,1559000
2021-06-01,2021,6,중구,829486000,505186000,1559000
2021-07-01,2021,7,중구,1055520000,644880000,1575000
2021-08-01,2021,8,중구,1062180000,648960000,1580000
2021-09-01,2021,9,중구,1069810000,653480000,1586000
2021-10-01,2021,10,중구,1079570000,660290000,1595000
2021-11-01,2021,11,중구,1088060000,665520000,1607000
2021-12-01,2021,12,중구,1089582000,666730000,1608000
2022-01-01,2022,1,중구,1089782000,666600000,1612000
2022-02-01,2022,2,중구,1089122000,666100000,1613000
2022-03-01,2022,3,중구,1087792000,664350000,1616000
2022-04-01,2022,4,중구,1087422000,663290000,1618000
2022-05-01,2022,5,중구,1086812000,663130000,1619000
2022-06-01,2022,6,중구,1085282000,662700000,1621000
2022-07-01,2022,7,중구,1081042000,661180000,1625000
2022-08-01,2022,8,중구,1071484000,659260000,1630000
2022-09-01,2022,9,중구,1062295000,652510000,1635000
2022-10-01,2022,10,중구,1047665000,641890000,1638000
2022-11-01,2022,11,중구,1024874000,624100000,1644000
2022-12-01,2022,12,중구,985688000,590599000,1645000
2023-01-01,2023,1,중구,974875000,575622000,1646000
2023-02-01,2023,2,중구,963031000,561650000,1644000
2023-03-01,2023,3,중구,955210000,552456000,1643000
2023-04-01,2023,4,중구,950305000,546767000,1642000
2023-05-01,2023,5,중구,950437000,543927000,1642000
2023-06-01,2023,6,중구,948484000,543135000,1643000
2023-07-01,2023,7,중구,949390000,543908000,1647000
2023-08-01,2023,8,중구,952701000,546192000,1650000
2023-09-01,2023,9,중구,959192000,549758000,1654000
2023-10-01,2023,10,중구,963927000,552805000,1656000
2023-11-01,2023,11,중구,965541000,555258000,1657000
2023-12-01,2023,12,중구,964592000,556019000,1659000
2024-01-01,2024,1,중구,957545000,553698000,1670000
2024-02-01,2024,2,중구,956937000,554240000,1672000
2024-03-01,2024,3,중구,957433000,555965000,1672000
2018-01-01,2018,1,용산구,1080385000,589103000,2058000
2018-02-01,2018,2,용산구,1107821000,590385000,2058000
2018-03-01,2018,3,용산구,1122308000,591154000,2058000
2018-04-01,2018,4,용산구,1126141000,592179000,2058000
2018-05-01,2018,5,용산구,1129295000,592308000,2058000
2018-06-01,2018,6,용산구,1132756000,592564000,2058000
2018-07-01,2018,7,용산구,1138654000,592308000,2058000
2018-08-01,2018,8,용산구,1157410000,593513000,2059000
2018-09-01,2018,9,용산구,1172949000,594282000,2059000
2018-10-01,2018,10,용산구,1177103000,594654000,2059000
2018-11-01,2018,11,용산구,1176615000,592500000,2059000
2018-12-01,2018,12,용산구,1173987000,590205000,2059000
2019-01-01,2019,1,용산구,1378500000,615303000,2084000
2019-02-01,2019,2,용산구,1374816000,611658000,2083000
2019-03-01,2019,3,용산구,1371224000,610368000,2083000
2019-04-01,2019,4,용산구,1367276000,607829000,2083000
2019-05-01,2019,5,용산구,1365632000,606487000,2083000
2019-06-01,2019,6,용산구,1363789000,605408000,2083000
2019-07-01,2019,7,용산구,1364605000,605145000,2083000
2019-08-01,2019,8,용산구,1366066000,605408000,2083000
2019-09-01,2019,9,용산구,1368579000,605711000,2083000
2019-10-01,2019,10,용산구,1374658000,606974000,2083000
2019-11-01,2019,11,용산구,1383368000,609000000,2083000
2019-12-01,2019,12,용산구,1392408000,612763000,2083000
2020-01-01,2020,1,용산구,1389939000,596085000,2047000
2020-02-01,2020,2,용산구,1392207000,597524000,2048000
2020-03-01,2020,3,용산구,1393524000,598439000,2048000
2020-04-01,2020,4,용산구,1392439000,599439000,2048000
2020-05-01,2020,5,용산구,1389780000,599976000,2048000
2020-06-01,2020,6,용산구,1389963000,601451000,2048000
2020-07-01,2020,7,용산구,1399354000,603268000,2048000
2020-08-01,2020,8,용산구,1406439000,605976000,2049000
2020-09-01,2020,9,용산구,1411232000,608512000,2051000
2020-10-01,2020,10,용산구,1412659000,610951000,2052000
2020-11-01,2020,11,용산구,1413768000,613537000,2053000
2020-12-01,2020,12,용산구,1416951000,620110000,2062000
2021-01-01,2021,1,용산구,1421012000,624805000,2067000
2021-02-01,2021,2,용산구,1427366000,627817000,2068000
2021-03-01,2021,3,용산구,1430780000,631244000,2069000
2021-04-01,2021,4,용산구,1434768000,633085000,2070000
2021-05-01,2021,5,용산구,1439390000,634012000,2072000
2021-06-01,2021,6,용산구,1445073000,636195000,2073000
2021-07-01,2021,7,용산구,1691671000,845874000,1872000
2021-08-01,2021,8,용산구,1707042000,852042000,1880000
2021-09-01,2021,9,용산구,1722671000,858678000,1885000
2021-10-01,2021,10,용산구,1744636000,864552000,1888000
2021-11-01,2021,11,용산구,1762294000,870021000,1894000
2021-12-01,2021,12,용산구,1769182000,872175000,1895000
2022-01-01,2022,1,용산구,1770601000,872538000,1897000
2022-02-01,2022,2,용산구,1769930000,872021000,1899000
2022-03-01,2022,3,용산구,1766951000,870063000,1905000
2022-04-01,2022,4,용산구,1769734000,869056000,1905000
2022-05-01,2022,5,용산구,1773818000,869741000,1906000
2022-06-01,2022,6,용산구,1774720000,868965000,1910000
2022-07-01,2022,7,용산구,1773671000,867937000,1911000
2022-08-01,2022,8,용산구,1772168000,865503000,1911000
2022-09-01,2022,9,용산구,1764161000,861587000,1915000
2022-10-01,2022,10,용산구,1751811000,853287000,1915000
2022-11-01,2022,11,용산구,1728147000,830699000,1904000
2022-12-01,2022,12,용산구,1685343000,795531000,1897000
2023-01-01,2023,1,용산구,1651897000,762719000,1884000
2023-02-01,2023,2,용산구,1644856000,747568000,1877000
2023-03-01,2023,3,용산구,1632281000,733712000,1876000
2023-04-01,2023,4,용산구,1626904000,727384000,1874000
2023-05-01,2023,5,용산구,1629171000,725315000,1871000
2023-06-01,2023,6,용산구,1630637000,723582000,1873000
2023-07-01,2023,7,용산구,1634692000,723747000,1877000
2023-08-01,2023,8,용산구,1644671000,727616000,1883000
2023-09-01,2023,9,용산구,1655144000,733534000,1894000
2023-10-01,2023,10,용산구,1664897000,738281000,1903000
2023-11-01,2023,11,용산구,1671664000,744651000,1911000
2023-12-01,2023,12,용산구,1671205000,749473000,1925000
2024-01-01,2024,1,용산구,1716093000,781656000,2075000
2024-02-01,2024,2,용산구,1714947000,783417000,2090000
2024-03-01,2024,3,용산구,1716424000,786450000,2107000
2018-01-01,2018,1,성동구,680771000,468469000,1419000
2018-02-01,2018,2,성동구,696188000,469719000,1419000
2018-03-01,2018,3,성동구,704458000,470677000,1419000
2018-04-01,2018,4,성동구,705333000,468188000,1419000
2018-05-01,2018,5,성동구,704094000,466333000,1419000
2018-06-01,2018,6,성동구,705063000,464677000,1419000
2018-07-01,2018,7,성동구,708469000,463594000,1419000
2018-08-01,2018,8,성동구,714073000,462802000,1419000
2018-09-01,2018,9,성동구,726677000,463073000,1419000
2018-10-01,2018,10,성동구,728958000,465135000,1419000
2018-11-01,2018,11,성동구,729604000,466875000,1419000
2018-12-01,2018,12,성동구,728615000,467521000,1419000
2019-01-01,2019,1,성동구,881926000,490117000,1435000
2019-02-01,2019,2,성동구,880096000,487915000,1434000
2019-03-01,2019,3,성동구,876809000,485543000,1434000
2019-04-01,2019,4,성동구,872383000,484128000,1434000
2019-05-01,2019,5,성동구,866149000,482989000,1434000
2019-06-01,2019,6,성동구,863011000,482436000,1434000
2019-07-01,2019,7,성동구,863255000,482713000,1434000
2019-08-01,2019,8,성동구,864926000,483479000,1434000
2019-09-01,2019,9,성동구,867574000,484351000,1434000
2019-10-01,2019,10,성동구,873383000,486596000,1434000
2019-11-01,2019,11,성동구,879979000,488904000,1434000
2019-12-01,2019,12,성동구,887713000,491606000,1434000
2020-01-01,2020,1,성동구,899118000,496627000,1432000
2020-02-01,2020,2,성동구,900431000,497863000,1432000
2020-03-01,2020,3,성동구,901725000,499137000,1432000
2020-04-01,2020,4,성동구,901549000,500431000,1432000
2020-05-01,2020,5,성동구,900892000,500775000,1432000
2020-06-01,2020,6,성동구,902245000,502049000,1433000
2020-07-01,2020,7,성동구,910716000,504402000,1433000
2020-08-01,2020,8,성동구,916402000,508294000,1433000
2020-09-01,2020,9,성동구,918667000,511304000,1434000
2020-10-01,2020,10,성동구,920020000,514480000,1435000
2020-11-01,2020,11,성동구,921108000,516912000,1436000
2020-12-01,2020,12,성동구,923402000,521284000,1440000
2021-01-01,2021,1,성동구,927029000,524843000,1446000
2021-02-01,2021,2,성동구,934049000,527559000,1447000
2021-03-01,2021,3,성동구,938029000,529559000,1447000
2021-04-01,2021,4,성동구,940000000,531137000,1448000
2021-05-01,2021,5,성동구,942235000,532441000,1448000
2021-06-01,2021,6,성동구,947157000,535137000,1449000
2021-07-01,2021,7,성동구,1344052000,730310000,1722000
2021-08-01,2021,8,성동구,1351519000,733519000,1734000
2021-09-01,2021,9,성동구,1357976000,736548000,1735000
2021-10-01,2021,10,성동구,1363538000,740629000,1750000
2021-11-01,2021,11,성동구,1367371000,744033000,1763000
2021-12-01,2021,12,성동구,1368833000,745748000,1769000
2022-01-01,2022,1,성동구,1368995000,746967000,1777000
2022-02-01,2022,2,성동구,1368362000,747305000,1788000
2022-03-01,2022,3,성동구,1367410000,747033000,1802000
2022-04-01,2022,4,성동구,1366929000,747295000,1810000
2022-05-01,2022,5,성동구,1367605000,747586000,1816000
2022-06-01,2022,6,성동구,1367343000,747990000,1823000
2022-07-01,2022,7,성동구,1366362000,748414000,1826000
2022-08-01,2022,8,성동구,1365448000,748190000,1833000
2022-09-01,2022,9,성동구,1361776000,746010000,1839000
2022-10-01,2022,10,성동구,1353681000,739695000,1845000
2022-11-01,2022,11,성동구,1335924000,724857000,1835000
2022-12-01,2022,12,성동구,1311038000,694290000,1817000
2023-01-01,2023,1,성동구,1297276000,664129000,1813000
2023-02-01,2023,2,성동구,1287462000,640271000,1807000
2023-03-01,2023,3,성동구,1277910000,624690000,1804000
2023-04-01,2023,4,성동구,1272186000,618438000,1813000
2023-05-01,2023,5,성동구,1272219000,617876000,1820000
2023-06-01,2023,6,성동구,1272495000,618643000,1829000
2023-07-01,2023,7,성동구,1278805000,620686000,1839000
2023-08-01,2023,8,성동구,1291662000,628219000,1843000
2023-09-01,2023,9,성동구,1302752000,638757000,1856000
2023-10-01,2023,10,성동구,1310271000,647638000,1863000
2023-11-01,2023,11,성동구,1315167000,659324000,1883000
2023-12-01,2023,12,성동구,1318738000,663276000,1897000
2024-01-01,2024,1,성동구,1317848000,665505000,1902000
2024-02-01,2024,2,성동구,1315205000,671724000,1904000
2024-03-01,2024,3,성동구,1315948000,675548000,1908000
2018-01-01,2018,1,광진구,765921000,526724000,1236000
2018-02-01,2018,2,광진구,778895000,529829000,1237000
2018-03-01,2018,3,광진구,788026000,529711000,1236000
2018-04-01,2018,4,광진구,791842000,528882000,1236000
2018-05-01,2018,5,광진구,794197000,527105000,1235000
2018-06-01,2018,6,광진구,793447000,526026000,1235000
2018-07-01,2018,7,광진구,793132000,524053000,1234000
2018-08-01,2018,8,광진구,794039000,523605000,1234000
2018-09-01,2018,9,광진구,803842000,523684000,1234000
2018-10-01,2018,10,광진구,806118000,524184000,1234000
2018-11-01,2018,11,광진구,807961000,524342000,1234000
2018-12-01,2018,12,광진구,806987000,524289000,1233000
2019-01-01,2019,1,광진구,902974000,540500000,1254000
2019-02-01,2019,2,광진구,900342000,538395000,1250000
2019-03-01,2019,3,광진구,898237000,536816000,1250000
2019-04-01,2019,4,광진구,896553000,535395000,1249000
2019-05-01,2019,5,광진구,896079000,535132000,1249000
2019-06-01,2019,6,광진구,895737000,535132000,1249000
2019-07-01,2019,7,광진구,896184000,535632000,1239000
2019-08-01,2019,8,광진구,897658000,536724000,1239000
2019-09-01,2019,9,광진구,899434000,538013000,1239000
2019-10-01,2019,10,광진구,906013000,539671000,1250000
2019-11-01,2019,11,광진구,910118000,541053000,1250000
2019-12-01,2019,12,광진구,916039000,543605000,1250000
2020-01-01,2020,1,광진구,1014402000,570732000,1268000
2020-02-01,2020,2,광진구,1014671000,571244000,1268000
2020-03-01,2020,3,광진구,1014598000,571659000,1267000
2020-04-01,2020,4,광진구,1013671000,572268000,1267000
2020-05-01,2020,5,광진구,1012195000,572305000,1267000
2020-06-01,2020,6,광진구,1013329000,573463000,1267000
2020-07-01,2020,7,광진구,1021037000,575098000,1267000
2020-08-01,2020,8,광진구,1025866000,578085000,1267000
2020-09-01,2020,9,광진구,1029256000,580524000,1268000
2020-10-01,2020,10,광진구,1030878000,582256000,1269000
2020-11-01,2020,11,광진구,1032220000,583793000,1270000
2020-12-01,2020,12,광진구,1034524000,587817000,1274000
2021-01-01,2021,1,광진구,1038378000,590195000,1276000
2021-02-01,2021,2,광진구,1047439000,593707000,1278000
2021-03-01,2021,3,광진구,1053024000,595341000,1279000
2021-04-01,2021,4,광진구,1056524000,596732000,1279000
2021-05-01,2021,5,광진구,1059476000,597890000,1280000
2021-06-01,2021,6,광진구,1063805000,599805000,1281000
2021-07-01,2021,7,광진구,1234964000,696293000,1488000
2021-08-01,2021,8,광진구,1241414000,699571000,1495000
2021-09-01,2021,9,광진구,1245636000,704757000,1499000
2021-10-01,2021,10,광진구,1249686000,708629000,1504000
2021-11-01,2021,11,광진구,1252843000,711386000,1482000
2021-12-01,2021,12,광진구,1254029000,713736000,1486000
2022-01-01,2022,1,광진구,1254100000,714314000,1489000
2022-02-01,2022,2,광진구,1253471000,713171000,1489000
2022-03-01,2022,3,광진구,1252771000,712621000,1487000
2022-04-01,2022,4,광진구,1252357000,712257000,1505000
2022-05-01,2022,5,광진구,1252850000,712157000,1509000
2022-06-01,2022,6,광진구,1251629000,711493000,1532000
2022-07-01,2022,7,광진구,1250286000,710657000,1545000
2022-08-01,2022,8,광진구,1248193000,708893000,1558000
2022-09-01,2022,9,광진구,1245029000,706450000,1556000
2022-10-01,2022,10,광진구,1238043000,699907000,1554000
2022-11-01,2022,11,광진구,1221800000,687264000,1553000
2022-12-01,2022,12,광진구,1194356000,660406000,1554000
2023-01-01,2023,1,광진구,1162454000,627682000,1520000
2023-02-01,2023,2,광진구,1146302000,605489000,1517000
2023-03-01,2023,3,광진구,1129330000,585951000,1517000
2023-04-01,2023,4,광진구,1118575000,578059000,1517000
2023-05-01,2023,5,광진구,1112899000,573038000,1519000
2023-06-01,2023,6,광진구,1113575000,572266000,1519000
2023-07-01,2023,7,광진구,1117010000,573865000,1533000
2023-08-01,2023,8,광진구,1123707000,579334000,1545000
2023-09-01,2023,9,광진구,1129493000,584003000,1555000
2023-10-01,2023,10,광진구,1136217000,589403000,1574000
2023-11-01,2023,11,광진구,1140100000,594230000,1585000
2023-12-01,2023,12,광진구,1140052000,596699000,1589000
2024-01-01,2024,1,광진구,1131133000,594744000,1586000
2024-02-01,2024,2,광진구,1131445000,598312000,1585000
2024-03-01,2024,3,광진구,1133833000,599993000,1586000
2018-01-01,2018,1,동대문구,447890000,351620000,878000
2018-02-01,2018,2,동대문구,450530000,351980000,868000
2018-03-01,2018,3,동대문구,452840000,352230000,864000
2018-04-01,2018,4,동대문구,455030000,352260000,839000
2018-05-01,2018,5,동대문구,456880000,351940000,835000
2018-06-01,2018,6,동대문구,459840000,351710000,828000
2018-07-01,2018,7,동대문구,463030000,351270000,822000
2018-08-01,2018,8,동대문구,468770000,351930000,822000
2018-09-01,2018,9,동대문구,476320000,352810000,823000
2018-10-01,2018,10,동대문구,480480000,353660000,823000
2018-11-01,2018,11,동대문구,481590000,353840000,823000
2018-12-01,2018,12,동대문구,480280000,353580000,823000
2019-01-01,2019,1,동대문구,593904000,365170000,823000
2019-02-01,2019,2,동대문구,592319000,364181000,823000
2019-03-01,2019,3,동대문구,588819000,362138000,821000
2019-04-01,2019,4,동대문구,586734000,361468000,821000
2019-05-01,2019,5,동대문구,585628000,361383000,821000
2019-06-01,2019,6,동대문구,584479000,361319000,821000
2019-07-01,2019,7,동대문구,584181000,361149000,821000
2019-08-01,2019,8,동대문구,585085000,361309000,821000
2019-09-01,2019,9,동대문구,586223000,361628000,821000
2019-10-01,2019,10,동대문구,589319000,362298000,821000
2019-11-01,2019,11,동대문구,592564000,362787000,821000
2019-12-01,2019,12,동대문구,596926000,363223000,821000
2020-01-01,2020,1,동대문구,652774000,372472000,857000
2020-02-01,2020,2,동대문구,654802000,373075000,854000
2020-03-01,2020,3,동대문구,656208000,374151000,854000
2020-04-01,2020,4,동대문구,656472000,374632000,854000
2020-05-01,2020,5,동대문구,655708000,374745000,854000
2020-06-01,2020,6,동대문구,657179000,375160000,854000
2020-07-01,2020,7,동대문구,665679000,376160000,854000
2020-08-01,2020,8,동대문구,669858000,377783000,855000
2020-09-01,2020,9,동대문구,673406000,380283000,857000
2020-10-01,2020,10,동대문구,674415000,381557000,858000
2020-11-01,2020,11,동대문구,675151000,382925000,859000
2020-12-01,2020,12,동대문구,677453000,385340000,861000
2021-01-01,2021,1,동대문구,680226000,386925000,863000
2021-02-01,2021,2,동대문구,686179000,388283000,865000
2021-03-01,2021,3,동대문구,689066000,389217000,865000
2021-04-01,2021,4,동대문구,691019000,389689000,865000
2021-05-01,2021,5,동대문구,692849000,389953000,865000
2021-06-01,2021,6,동대문구,695896000,391821000,867000
2021-07-01,2021,7,동대문구,864442000,490985000,1018000
2021-08-01,2021,8,동대문구,869689000,493728000,1028000
2021-09-01,2021,9,동대문구,876267000,498650000,1033000
2021-10-01,2021,10,동대문구,879670000,501340000,1043000
2021-11-01,2021,11,동대문구,881262000,503586000,1049000
2021-12-01,2021,12,동대문구,882126000,504717000,1051000
2022-01-01,2022,1,동대문구,882004000,504987000,1057000
2022-02-01,2022,2,동대문구,881426000,505069000,1073000
2022-03-01,2022,3,동대문구,880786000,504364000,1073000
2022-04-01,2022,4,동대문구,880830000,504476000,1078000
2022-05-01,2022,5,동대문구,881204000,504602000,1081000
2022-06-01,2022,6,동대문구,879859000,504515000,1088000
2022-07-01,2022,7,동대문구,877408000,503573000,1092000
2022-08-01,2022,8,동대문구,872209000,501719000,1097000
2022-09-01,2022,9,동대문구,865913000,497938000,1099000
2022-10-01,2022,10,동대문구,855997000,491893000,1105000
2022-11-01,2022,11,동대문구,836167000,479987000,1104000
2022-12-01,2022,12,동대문구,800727000,458221000,1088000
2023-01-01,2023,1,동대문구,780762000,439033000,1092000
2023-02-01,2023,2,동대문구,770330000,427932000,1084000
2023-03-01,2023,3,동대문구,761786000,421361000,1078000
2023-04-01,2023,4,동대문구,756373000,417378000,1076000
2023-05-01,2023,5,동대문구,753798000,414478000,1074000
2023-06-01,2023,6,동대문구,753166000,413540000,1075000
2023-07-01,2023,7,동대문구,755627000,415467000,1085000
2023-08-01,2023,8,동대문구,761009000,418348000,1095000
2023-09-01,2023,9,동대문구,767156000,423451000,1103000
2023-10-01,2023,10,동대문구,772854000,428267000,1109000
2023-11-01,2023,11,동대문구,775090000,432215000,1115000
2023-12-01,2023,12,동대문구,775014000,435768000,1124000
2024-01-01,2024,1,동대문구,780581000,442259000,1144000
2024-02-01,2024,2,동대문구,779234000,443595000,1146000
2024-03-01,2024,3,동대문구,779541000,445005000,1148000
2018-01-01,2018,1,중랑구,353115000,283104000,782000
2018-02-01,2018,2,중랑구,354219000,283677000,782000
2018-03-01,2018,3,중랑구,355302000,283823000,782000
2018-04-01,2018,4,중랑구,355781000,283948000,782000
2018-05-01,2018,5,중랑구,356958000,284073000,782000
2018-06-01,2018,6,중랑구,358656000,284979000,782000
2018-07-01,2018,7,중랑구,360531000,285635000,782000
2018-08-01,2018,8,중랑구,362083000,286135000,782000
2018-09-01,2018,9,중랑구,366052000,286500000,782000
2018-10-01,2018,10,중랑구,368031000,286833000,782000
2018-11-01,2018,11,중랑구,368521000,286750000,782000
2018-12-01,2018,12,중랑구,368500000,286688000,782000
2019-01-01,2019,1,중랑구,444432000,311182000,865000
2019-02-01,2019,2,중랑구,443932000,310409000,865000
2019-03-01,2019,3,중랑구,443193000,310045000,865000
2019-04-01,2019,4,중랑구,442682000,309659000,864000
2019-05-01,2019,5,중랑구,442545000,309511000,864000
2019-06-01,2019,6,중랑구,442318000,309375000,864000
2019-07-01,2019,7,중랑구,442080000,309125000,864000
2019-08-01,2019,8,중랑구,442398000,308989000,864000
2019-09-01,2019,9,중랑구,442989000,309170000,864000
2019-10-01,2019,10,중랑구,444489000,309591000,864000
2019-11-01,2019,11,중랑구,446216000,309864000,865000
2019-12-01,2019,12,중랑구,447364000,310045000,865000
2020-01-01,2020,1,중랑구,451372000,300213000,843000
2020-02-01,2020,2,중랑구,452181000,300404000,843000
2020-03-01,2020,3,중랑구,453085000,300511000,844000
2020-04-01,2020,4,중랑구,453660000,300553000,844000
2020-05-01,2020,5,중랑구,453798000,300532000,844000
2020-06-01,2020,6,중랑구,454000000,300723000,844000
2020-07-01,2020,7,중랑구,458202000,301277000,844000
2020-08-01,2020,8,중랑구,461213000,302745000,844000
2020-09-01,2020,9,중랑구,463415000,304245000,844000
2020-10-01,2020,10,중랑구,464234000,305415000,845000
2020-11-01,2020,11,중랑구,465032000,306245000,846000
2020-12-01,2020,12,중랑구,465979000,308277000,848000
2021-01-01,2021,1,중랑구,467638000,309606000,849000
2021-02-01,2021,2,중랑구,469957000,311202000,849000
2021-03-01,2021,3,중랑구,471404000,312181000,849000
2021-04-01,2021,4,중랑구,472968000,313117000,849000
2021-05-01,2021,5,중랑구,474011000,313670000,849000
2021-06-01,2021,6,중랑구,476457000,314798000,849000
2021-07-01,2021,7,중랑구,638929000,404683000,782000
2021-08-01,2021,8,중랑구,644734000,406551000,785000
2021-09-01,2021,9,중랑구,649806000,408277000,789000
2021-10-01,2021,10,중랑구,652286000,409666000,793000
2021-11-01,2021,11,중랑구,654594000,410506000,797000
2021-12-01,2021,12,중랑구,655869000,410923000,799000
2022-01-01,2022,1,중랑구,656223000,411580000,800000
2022-02-01,2022,2,중랑구,656400000,411340000,800000
2022-03-01,2022,3,중랑구,656097000,411426000,801000
2022-04-01,2022,4,중랑구,655840000,411203000,802000
2022-05-01,2022,5,중랑구,655669000,411174000,802000
2022-06-01,2022,6,중랑구,655286000,411378000,802000
2022-07-01,2022,7,중랑구,654286000,411075000,804000
2022-08-01,2022,8,중랑구,651275000,410235000,805000
2022-09-01,2022,9,중랑구,646526000,408024000,810000
2022-10-01,2022,10,중랑구,639126000,403224000,810000
2022-11-01,2022,11,중랑구,625811000,394338000,808000
2022-12-01,2022,12,중랑구,606670000,378286000,806000
2023-01-01,2023,1,중랑구,595116000,364196000,815000
2023-02-01,2023,2,중랑구,587933000,356712000,815000
2023-03-01,2023,3,중랑구,583138000,351454000,801000
2023-04-01,2023,4,중랑구,580261000,348437000,799000
2023-05-01,2023,5,중랑구,578602000,346946000,802000
2023-06-01,2023,6,중랑구,578299000,346803000,800000
2023-07-01,2023,7,중랑구,579331000,347280000,799000
2023-08-01,2023,8,중랑구,581055000,348358000,802000
2023-09-01,2023,9,중랑구,583893000,350568000,807000
2023-10-01,2023,10,중랑구,585420000,352326000,811000
2023-11-01,2023,11,중랑구,585820000,353823000,819000
2023-12-01,2023,12,중랑구,585423000,354414000,827000
2024-01-01,2024,1,중랑구,587626000,357795000,832000
2024-02-01,2024,2,중랑구,586611000,358453000,834000
2024-03-01,2024,3,중랑구,586095000,359111000,837000
2018-01-01,2018,1,성북구,447027000,363255000,1017000
2018-02-01,2018,2,성북구,452582000,365645000,1017000
2018-03-01,2018,3,성북구,459909000,368736000,1017000
2018-04-01,2018,4,성북구,463073000,369118000,1017000
2018-05-01,2018,5,성북구,466691000,369327000,1017000
2018-06-01,2018,6,성북구,469409000,369427000,1017000
2018-07-01,2018,7,성북구,471745000,370182000,1017000
2018-08-01,2018,8,성북구,475355000,371145000,1017000
2018-09-01,2018,9,성북구,482518000,371673000,1017000
2018-10-01,2018,10,성북구,485500000,371927000,1017000
2018-11-01,2018,11,성북구,486845000,372091000,1017000
2018-12-01,2018,12,성북구,486691000,372036000,1017000
2019-01-01,2019,1,성북구,558217000,370283000,1018000
2019-02-01,2019,2,성북구,557349000,367538000,1018000
2019-03-01,2019,3,성북구,556443000,364868000,1018000
2019-04-01,2019,4,성북구,554915000,363321000,1018000
2019-05-01,2019,5,성북구,554453000,363047000,1017000
2019-06-01,2019,6,성북구,553868000,362509000,1017000
2019-07-01,2019,7,성북구,553717000,362462000,1017000
2019-08-01,2019,8,성북구,554217000,362925000,1016000
2019-09-01,2019,9,성북구,555113000,363377000,1016000
2019-10-01,2019,10,성북구,557019000,363877000,1015000
2019-11-01,2019,11,성북구,559651000,364736000,1014000
2019-12-01,2019,12,성북구,562491000,365764000,1013000
2020-01-01,2020,1,성북구,589518000,372027000,991000
2020-02-01,2020,2,성북구,590634000,372911000,991000
2020-03-01,2020,3,성북구,592536000,373991000,991000
2020-04-01,2020,4,성북구,592268000,374866000,991000
2020-05-01,2020,5,성북구,591607000,375223000,991000
2020-06-01,2020,6,성북구,591839000,375848000,991000
2020-07-01,2020,7,성북구,597393000,377161000,991000
2020-08-01,2020,8,성북구,601402000,379134000,991000
2020-09-01,2020,9,성북구,603741000,381875000,992000
2020-10-01,2020,10,성북구,604429000,384188000,992000
2020-11-01,2020,11,성북구,605696000,386580000,993000
2020-12-01,2020,12,성북구,607089000,389339000,994000
2021-01-01,2021,1,성북구,608661000,392241000,995000
2021-02-01,2021,2,성북구,611143000,394571000,996000
2021-03-01,2021,3,성북구,613348000,396777000,997000
2021-04-01,2021,4,성북구,615545000,398911000,997000
2021-05-01,2021,5,성북구,617679000,401080000,998000
2021-06-01,2021,6,성북구,622402000,404143000,999000
2021-07-01,2021,7,성북구,819598000,518231000,1163000
2021-08-01,2021,8,성북구,826170000,521834000,1166000
2021-09-01,2021,9,성북구,832738000,525349000,1169000
2021-10-01,2021,10,성북구,840638000,528646000,1171000
2021-11-01,2021,11,성북구,846952000,531463000,1174000
2021-12-01,2021,12,성북구,848550000,532258000,1178000
2022-01-01,2022,1,성북구,847808000,531664000,1182000
2022-02-01,2022,2,성북구,845345000,530231000,1180000
2022-03-01,2022,3,성북구,843943000,529017000,1184000
2022-04-01,2022,4,성북구,842969000,528354000,1187000
2022-05-01,2022,5,성북구,841939000,528100000,1188000
2022-06-01,2022,6,성북구,840437000,527463000,1190000
2022-07-01,2022,7,성북구,836428000,526786000,1191000
2022-08-01,2022,8,성북구,830074000,524545000,1195000
2022-09-01,2022,9,성북구,821624000,519343000,1198000
2022-10-01,2022,10,성북구,808576000,508753000,1201000
2022-11-01,2022,11,성북구,788659000,489758000,1205000
2022-12-01,2022,12,성북구,756275000,457792000,1206000
2023-01-01,2023,1,성북구,738403000,435438000,1200000
2023-02-01,2023,2,성북구,733454000,424875000,1200000
2023-03-01,2023,3,성북구,728496000,418766000,1200000
2023-04-01,2023,4,성북구,723340000,415950000,1202000
2023-05-01,2023,5,성북구,721504000,414816000,1202000
2023-06-01,2023,6,성북구,721231000,414450000,1203000
2023-07-01,2023,7,성북구,722899000,415169000,1204000
2023-08-01,2023,8,성북구,726034000,417367000,1206000
2023-09-01,2023,9,성북구,730529000,420505000,1207000
2023-10-01,2023,10,성북구,732996000,423316000,1209000
2023-11-01,2023,11,성북구,734492000,425598000,1211000
2023-12-01,2023,12,성북구,734147000,426858000,1213000
2024-01-01,2024,1,성북구,744683000,434061000,1210000
2024-02-01,2024,2,성북구,743711000,434953000,1210000
2024-03-01,2024,3,성북구,743490000,436166000,1214000
2018-01-01,2018,1,강북구,385643000,298571000,836000
2018-02-01,2018,2,강북구,387071000,300429000,836000
2018-03-01,2018,3,강북구,389143000,300571000,836000
2018-04-01,2018,4,강북구,390486000,300429000,836000
2018-05-01,2018,5,강북구,392986000,300943000,836000
2018-06-01,2018,6,강북구,396257000,301429000,836000
2018-07-01,2018,7,강북구,400214000,301857000,836000
2018-08-01,2018,8,강북구,404886000,303114000,836000
2018-09-01,2018,9,강북구,412929000,305400000,836000
2018-10-01,2018,10,강북구,417014000,307200000,836000
2018-11-01,2018,11,강북구,418629000,308171000,836000
2018-12-01,2018,12,강북구,418743000,307643000,836000
2019-01-01,2019,1,강북구,478758000,314197000,852000
2019-02-01,2019,2,강북구,478576000,311136000,852000
2019-03-01,2019,3,강북구,478030000,305030000,852000
2019-04-01,2019,4,강북구,478076000,303591000,852000
2019-05-01,2019,5,강북구,477727000,303606000,852000
2019-06-01,2019,6,강북구,477545000,304197000,852000
2019-07-01,2019,7,강북구,478667000,304924000,852000
2019-08-01,2019,8,강북구,479545000,305818000,852000
2019-09-01,2019,9,강북구,480848000,306424000,852000
2019-10-01,2019,10,강북구,482591000,307758000,852000
2019-11-01,2019,11,강북구,484242000,308212000,852000
2019-12-01,2019,12,강북구,485515000,308788000,852000
2020-01-01,2020,1,강북구,495000000,312653000,851000
2020-02-01,2020,2,강북구,496847000,313944000,851000
2020-03-01,2020,3,강북구,498750000,315222000,851000
2020-04-01,2020,4,강북구,500042000,316125000,851000
2020-05-01,2020,5,강북구,499917000,316861000,851000
2020-06-01,2020,6,강북구,500583000,318125000,851000
2020-07-01,2020,7,강북구,508569000,319514000,851000
2020-08-01,2020,8,강북구,512236000,321903000,851000
2020-09-01,2020,9,강북구,513611000,323750000,851000
2020-10-01,2020,10,강북구,514361000,324792000,852000
2020-11-01,2020,11,강북구,514944000,325986000,852000
2020-12-01,2020,12,강북구,516681000,328236000,855000
2021-01-01,2021,1,강북구,518278000,329903000,855000
2021-02-01,2021,2,강북구,522319000,331819000,855000
2021-03-01,2021,3,강북구,523861000,333014000,855000
2021-04-01,2021,4,강북구,525222000,333889000,856000
2021-05-01,2021,5,강북구,526583000,334750000,856000
2021-06-01,2021,6,강북구,530847000,336986000,856000
2021-07-01,2021,7,강북구,692066000,430149000,1033000
2021-08-01,2021,8,강북구,696157000,432533000,1034000
2021-09-01,2021,9,강북구,699603000,434880000,1042000
2021-10-01,2021,10,강북구,702050000,437533000,1058000
2021-11-01,2021,11,강북구,702711000,439525000,1074000
2021-12-01,2021,12,강북구,702793000,440426000,1092000
2022-01-01,2022,1,강북구,702777000,440715000,1105000
2022-02-01,2022,2,강북구,702132000,440161000,1095000
2022-03-01,2022,3,강북구,700545000,439674000,1094000
2022-04-01,2022,4,강북구,700116000,439839000,1094000
2022-05-01,2022,5,강북구,700190000,439517000,1089000
2022-06-01,2022,6,강북구,699215000,438628000,1096000
2022-07-01,2022,7,강북구,695116000,437860000,1096000
2022-08-01,2022,8,강북구,690207000,437000000,1107000
2022-09-01,2022,9,강북구,684835000,434116000,1133000
2022-10-01,2022,10,강북구,674256000,424669000,1138000
2022-11-01,2022,11,강북구,653512000,406174000,1141000
2022-12-01,2022,12,강북구,628304000,382181000,1141000
2023-01-01,2023,1,강북구,609757000,365525000,1131000
2023-02-01,2023,2,강북구,600174000,352872000,1128000
2023-03-01,2023,3,강북구,592740000,344902000,1124000
2023-04-01,2023,4,강북구,587844000,341709000,1127000
2023-05-01,2023,5,강북구,585820000,340630000,1137000
2023-06-01,2023,6,강북구,585646000,340266000,1142000
2023-07-01,2023,7,강북구,586025000,340654000,1140000
2023-08-01,2023,8,강북구,586797000,341339000,1146000
2023-09-01,2023,9,강북구,587277000,343000000,1135000
2023-10-01,2023,10,강북구,587806000,343433000,1134000
2023-11-01,2023,11,강북구,587265000,345193000,1133000
2023-12-01,2023,12,강북구,586036000,345590000,1130000
2024-01-01,2024,1,강북구,583773000,345982000,1138000
2024-02-01,2024,2,강북구,582658000,346752000,1137000
2024-03-01,2024,3,강북구,581888000,348282000,1140000
2018-01-01,2018,1,도봉구,350782000,250982000,287000
2018-02-01,2018,2,도봉구,351909000,250545000,285000
2018-03-01,2018,3,도봉구,353036000,250364000,285000
2018-04-01,2018,4,도봉구,353909000,250382000,285000
2018-05-01,2018,5,도봉구,354755000,250436000,285000
2018-06-01,2018,6,도봉구,355809000,250682000,286000
2018-07-01,2018,7,도봉구,356991000,250827000,286000
2018-08-01,2018,8,도봉구,359100000,251082000,286000
2018-09-01,2018,9,도봉구,365191000,251182000,286000
2018-10-01,2018,10,도봉구,368391000,251409000,286000
2018-11-01,2018,11,도봉구,369300000,251573000,287000
2018-12-01,2018,12,도봉구,369064000,251291000,286000
2019-01-01,2019,1,도봉구,431198000,260519000,400000
2019-02-01,2019,2,도봉구,429811000,259236000,397000
2019-03-01,2019,3,도봉구,427830000,257425000,394000
2019-04-01,2019,4,도봉구,427255000,256849000,393000
2019-05-01,2019,5,도봉구,426519000,256396000,392000
2019-06-01,2019,6,도봉구,426066000,256245000,392000
2019-07-01,2019,7,도봉구,426387000,256208000,392000
2019-08-01,2019,8,도봉구,426802000,256434000,393000
2019-09-01,2019,9,도봉구,427491000,256585000,393000
2019-10-01,2019,10,도봉구,429009000,256849000,394000
2019-11-01,2019,11,도봉구,430670000,257274000,394000
2019-12-01,2019,12,도봉구,432802000,257811000,396000
2020-01-01,2020,1,도봉구,420883000,246929000,394000
2020-02-01,2020,2,도봉구,422419000,247384000,395000
2020-03-01,2020,3,도봉구,424285000,247625000,396000
2020-04-01,2020,4,도봉구,425803000,247804000,396000
2020-05-01,2020,5,도봉구,425829000,247866000,396000
2020-06-01,2020,6,도봉구,426723000,248281000,397000
2020-07-01,2020,7,도봉구,432455000,249076000,399000
2020-08-01,2020,8,도봉구,435491000,249808000,400000
2020-09-01,2020,9,도봉구,436295000,250844000,402000
2020-10-01,2020,10,도봉구,436875000,251969000,404000
2020-11-01,2020,11,도봉구,437402000,253353000,407000
2020-12-01,2020,12,도봉구,438554000,254607000,410000
2021-01-01,2021,1,도봉구,440214000,255491000,412000
2021-02-01,2021,2,도봉구,443920000,256232000,413000
2021-03-01,2021,3,도봉구,447009000,256661000,413000
2021-04-01,2021,4,도봉구,448964000,257018000,414000
2021-05-01,2021,5,도봉구,451598000,257259000,415000
2021-06-01,2021,6,도봉구,455955000,257982000,417000
2021-07-01,2021,7,도봉구,667923000,353416000,844000
2021-08-01,2021,8,도봉구,676167000,355471000,847000
2021-09-01,2021,9,도봉구,681606000,357896000,851000
2021-10-01,2021,10,도봉구,685023000,359774000,857000
2021-11-01,2021,11,도봉구,687063000,361443000,863000
2021-12-01,2021,12,도봉구,687760000,362249000,867000
2022-01-01,2022,1,도봉구,687538000,362837000,871000
2022-02-01,2022,2,도봉구,687023000,362747000,881000
2022-03-01,2022,3,도봉구,686023000,362262000,882000
2022-04-01,2022,4,도봉구,685172000,362624000,884000
2022-05-01,2022,5,도봉구,684805000,362425000,886000
2022-06-01,2022,6,도봉구,684602000,362380000,888000
2022-07-01,2022,7,도봉구,680760000,362100000,890000
2022-08-01,2022,8,도봉구,674163000,361317000,893000
2022-09-01,2022,9,도봉구,665525000,359597000,896000
2022-10-01,2022,10,도봉구,653357000,354647000,900000
2022-11-01,2022,11,도봉구,632113000,343394000,900000
2022-12-01,2022,12,도봉구,603665000,328335000,900000
2023-01-01,2023,1,도봉구,587650000,313287000,903000
2023-02-01,2023,2,도봉구,579946000,303628000,903000
2023-03-01,2023,3,도봉구,573049000,296646000,902000
2023-04-01,2023,4,도봉구,567776000,292570000,902000
2023-05-01,2023,5,도봉구,564614000,289991000,902000
2023-06-01,2023,6,도봉구,563637000,289036000,901000
2023-07-01,2023,7,도봉구,564108000,289018000,903000
2023-08-01,2023,8,도봉구,565157000,290072000,905000
2023-09-01,2023,9,도봉구,566318000,291592000,907000
2023-10-01,2023,10,도봉구,567000000,293238000,908000
2023-11-01,2023,11,도봉구,566946000,294296000,909000
2023-12-01,2023,12,도봉구,565632000,295592000,911000
2024-01-01,2024,1,도봉구,564637000,296395000,910000
2024-02-01,2024,2,도봉구,563090000,297157000,911000
2024-03-01,2024,3,도봉구,562314000,297780000,912000
2018-01-01,2018,1,노원구,362431000,259494000,671000
2018-02-01,2018,2,노원구,363675000,259581000,671000
2018-03-01,2018,3,노원구,364925000,259419000,671000
2018-04-01,2018,4,노원구,364975000,259219000,671000
2018-05-01,2018,5,노원구,365163000,258869000,670000
2018-06-01,2018,6,노원구,365706000,258500000,669000
2018-07-01,2018,7,노원구,366313000,258444000,669000
2018-08-01,2018,8,노원구,368413000,258806000,669000
2018-09-01,2018,9,노원구,374400000,258806000,669000
2018-10-01,2018,10,노원구,377194000,259119000,669000
2018-11-01,2018,11,노원구,378144000,259319000,669000
2018-12-01,2018,12,노원구,377669000,259406000,669000
2019-01-01,2019,1,노원구,445903000,267964000,692000
2019-02-01,2019,2,노원구,444779000,267841000,692000
2019-03-01,2019,3,노원구,443591000,267422000,692000
2019-04-01,2019,4,노원구,442091000,267156000,692000
2019-05-01,2019,5,노원구,441760000,267052000,692000
2019-06-01,2019,6,노원구,441604000,266851000,692000
2019-07-01,2019,7,노원구,441857000,266844000,692000
2019-08-01,2019,8,노원구,442292000,267078000,692000
2019-09-01,2019,9,노원구,443195000,267318000,692000
2019-10-01,2019,10,노원구,445448000,268227000,692000
2019-11-01,2019,11,노원구,447370000,268831000,692000
2019-12-01,2019,12,노원구,449487000,269519000,689000
2020-01-01,2020,1,노원구,467222000,274284000,694000
2020-02-01,2020,2,노원구,468846000,274660000,694000
2020-03-01,2020,3,노원구,470932000,275173000,695000
2020-04-01,2020,4,노원구,472685000,275099000,695000
2020-05-01,2020,5,노원구,472710000,274920000,694000
2020-06-01,2020,6,노원구,473617000,275438000,695000
2020-07-01,2020,7,노원구,480086000,276648000,696000
2020-08-01,2020,8,노원구,483210000,277883000,697000
2020-09-01,2020,9,노원구,484531000,279389000,699000
2020-10-01,2020,10,노원구,485395000,280815000,700000
2020-11-01,2020,11,노원구,486340000,282080000,701000
2020-12-01,2020,12,노원구,488586000,284315000,704000
2021-01-01,2021,1,노원구,490833000,286228000,706000
2021-02-01,2021,2,노원구,495278000,287951000,707000
2021-03-01,2021,3,노원구,498951000,289290000,708000
2021-04-01,2021,4,노원구,502623000,291031000,709000
2021-05-01,2021,5,노원구,506691000,292895000,711000
2021-06-01,2021,6,노원구,514914000,294870000,712000
2021-07-01,2021,7,노원구,695432000,364043000,791000
2021-08-01,2021,8,노원구,705035000,368016000,792000
2021-09-01,2021,9,노원구,712228000,371364000,793000
2021-10-01,2021,10,노원구,718152000,373984000,796000
2021-11-01,2021,11,노원구,722041000,376261000,798000
2021-12-01,2021,12,노원구,723905000,377418000,802000
2022-01-01,2022,1,노원구,723242000,376864000,803000
2022-02-01,2022,2,노원구,722215000,375834000,808000
2022-03-01,2022,3,노원구,721405000,375363000,809000
2022-04-01,2022,4,노원구,721111000,374982000,807000
2022-05-01,2022,5,노원구,720231000,374417000,808000
2022-06-01,2022,6,노원구,718853000,374124000,809000
2022-07-01,2022,7,노원구,714742000,373580000,812000
2022-08-01,2022,8,노원구,707755000,372802000,815000
2022-09-01,2022,9,노원구,698204000,370814000,819000
2022-10-01,2022,10,노원구,685552000,365558000,821000
2022-11-01,2022,11,노원구,664035000,353424000,821000
2022-12-01,2022,12,노원구,631024000,333142000,820000
2023-01-01,2023,1,노원구,617062000,318165000,819000
2023-02-01,2023,2,노원구,612632000,308936000,820000
2023-03-01,2023,3,노원구,609761000,304174000,819000
2023-04-01,2023,4,노원구,608645000,300720000,816000
2023-05-01,2023,5,노원구,609774000,299966000,815000
2023-06-01,2023,6,노원구,610532000,299423000,814000
2023-07-01,2023,7,노원구,610855000,299337000,814000
2023-08-01,2023,8,노원구,611298000,299961000,815000
2023-09-01,2023,9,노원구,613565000,303738000,820000
2023-10-01,2023,10,노원구,614317000,305908000,824000
2023-11-01,2023,11,노원구,614132000,309128000,831000
2023-12-01,2023,12,노원구,612858000,310590000,835000
2024-01-01,2024,1,노원구,616085000,315945000,834000
2024-02-01,2024,2,노원구,614968000,317310000,829000
2024-03-01,2024,3,노원구,614513000,319279000,833000
2018-01-01,2018,1,은평구,438344000,332922000,807000
2018-02-01,2018,2,은평구,440122000,333511000,807000
2018-03-01,2018,3,은평구,441544000,334044000,806000
2018-04-01,2018,4,은평구,442456000,334222000,806000
2018-05-01,2018,5,은평구,444189000,334322000,806000
2018-06-01,2018,6,은평구,446244000,333978000,806000
2018-07-01,2018,7,은평구,448389000,334000000,806000
2018-08-01,2018,8,은평구,454478000,333833000,806000
2018-09-01,2018,9,은평구,463311000,334433000,806000
2018-10-01,2018,10,은평구,467011000,334767000,806000
2018-11-01,2018,11,은평구,467200000,334433000,806000
2018-12-01,2018,12,은평구,467411000,333967000,806000
2019-01-01,2019,1,은평구,537430000,337965000,846000
2019-02-01,2019,2,은평구,536907000,336488000,846000
2019-03-01,2019,3,은평구,534256000,333384000,846000
2019-04-01,2019,4,은평구,533384000,331523000,846000
2019-05-01,2019,5,은평구,532919000,331279000,846000
2019-06-01,2019,6,은평구,532756000,331128000,845000
2019-07-01,2019,7,은평구,533233000,331419000,845000
2019-08-01,2019,8,은평구,533256000,331686000,845000
2019-09-01,2019,9,은평구,534337000,332233000,846000
2019-10-01,2019,10,은평구,536500000,333070000,846000
2019-11-01,2019,11,은평구,538756000,333756000,846000
2019-12-01,2019,12,은평구,542267000,334395000,846000
2020-01-01,2020,1,은평구,601337000,359480000,883000
2020-02-01,2020,2,은평구,602496000,360347000,884000
2020-03-01,2020,3,은평구,603490000,360847000,884000
2020-04-01,2020,4,은평구,603612000,361235000,884000
2020-05-01,2020,5,은평구,603653000,361500000,884000
2020-06-01,2020,6,은평구,603929000,361980000,884000
2020-07-01,2020,7,은평구,610286000,363173000,885000
2020-08-01,2020,8,은평구,613449000,364918000,886000
2020-09-01,2020,9,은평구,616367000,366571000,886000
2020-10-01,2020,10,은평구,617337000,368112000,888000
2020-11-01,2020,11,은평구,618031000,369898000,889000
2020-12-01,2020,12,은평구,619663000,373163000,892000
2021-01-01,2021,1,은평구,621398000,375704000,894000
2021-02-01,2021,2,은평구,625051000,377929000,896000
2021-03-01,2021,3,은평구,627041000,379653000,897000
2021-04-01,2021,4,은평구,629459000,381622000,897000
2021-05-01,2021,5,은평구,631561000,383194000,898000
2021-06-01,2021,6,은평구,635510000,385444000,899000
2021-07-01,2021,7,은평구,797275000,462310000,970000
2021-08-01,2021,8,은평구,805220000,466140000,975000
2021-09-01,2021,9,은평구,812560000,469365000,981000
2021-10-01,2021,10,은평구,820038000,472904000,982000
2021-11-01,2021,11,은평구,826791000,475832000,991000
2021-12-01,2021,12,은평구,827077000,476739000,995000
2022-01-01,2022,1,은평구,826275000,476387000,998000
2022-02-01,2022,2,은평구,824308000,475912000,998000
2022-03-01,2022,3,은평구,823192000,475154000,998000
2022-04-01,2022,4,은평구,822973000,474253000,999000
2022-05-01,2022,5,은평구,822615000,473274000,1000000
2022-06-01,2022,6,은평구,821082000,472609000,1001000
2022-07-01,2022,7,은평구,816385000,471527000,1003000
2022-08-01,2022,8,은평구,809198000,469213000,1008000
2022-09-01,2022,9,은평구,800088000,463729000,1010000
2022-10-01,2022,10,은평구,786725000,454389000,1011000
2022-11-01,2022,11,은평구,767835000,438955000,1011000
2022-12-01,2022,12,은평구,739330000,412420000,1001000
2023-01-01,2023,1,은평구,712715000,394597000,1006000
2023-02-01,2023,2,은평구,705332000,387424000,999000
2023-03-01,2023,3,은평구,699627000,382159000,997000
2023-04-01,2023,4,은평구,695446000,379632000,994000
2023-05-01,2023,5,은평구,694409000,379102000,995000
2023-06-01,2023,6,은평구,694720000,379392000,996000
2023-07-01,2023,7,은평구,696238000,381113000,997000
2023-08-01,2023,8,은평구,698731000,383352000,999000
2023-09-01,2023,9,은평구,702528000,385940000,1001000
2023-10-01,2023,10,은평구,704715000,389966000,1002000
2023-11-01,2023,11,은평구,705705000,392507000,1000000
2023-12-01,2023,12,은평구,705238000,394489000,1003000
2024-01-01,2024,1,은평구,708212000,400578000,1016000
2024-02-01,2024,2,은평구,706348000,402163000,1019000
2024-03-01,2024,3,은평구,706066000,404148000,1024000
2018-01-01,2018,1,서대문구,486250000,372739000,886000
2018-02-01,2018,2,서대문구,490636000,373784000,898000
2018-03-01,2018,3,서대문구,494625000,374455000,898000
2018-04-01,2018,4,서대문구,498807000,374830000,897000
2018-05-01,2018,5,서대문구,502409000,375466000,898000
2018-06-01,2018,6,서대문구,506659000,376068000,897000
2018-07-01,2018,7,서대문구,509227000,376705000,897000
2018-08-01,2018,8,서대문구,512682000,376773000,898000
2018-09-01,2018,9,서대문구,518830000,377068000,898000
2018-10-01,2018,10,서대문구,522386000,377182000,897000
2018-11-01,2018,11,서대문구,522864000,376659000,897000
2018-12-01,2018,12,서대문구,522523000,374739000,897000
2019-01-01,2019,1,서대문구,611583000,377786000,865000
2019-02-01,2019,2,서대문구,610369000,375702000,863000
2019-03-01,2019,3,서대문구,609167000,373476000,863000
2019-04-01,2019,4,서대문구,608321000,372476000,862000
2019-05-01,2019,5,서대문구,607167000,372226000,862000
2019-06-01,2019,6,서대문구,606512000,371881000,862000
2019-07-01,2019,7,서대문구,606607000,372119000,862000
2019-08-01,2019,8,서대문구,607619000,372167000,862000
2019-09-01,2019,9,서대문구,608571000,372107000,862000
2019-10-01,2019,10,서대문구,611119000,372333000,862000
2019-11-01,2019,11,서대문구,614726000,372905000,862000
2019-12-01,2019,12,서대문구,618262000,374000000,862000
2020-01-01,2020,1,서대문구,643739000,378967000,875000
2020-02-01,2020,2,서대문구,644826000,379413000,875000
2020-03-01,2020,3,서대문구,645804000,379837000,875000
2020-04-01,2020,4,서대문구,645533000,380120000,875000
2020-05-01,2020,5,서대문구,644891000,380283000,875000
2020-06-01,2020,6,서대문구,644891000,380728000,875000
2020-07-01,2020,7,서대문구,651022000,381859000,875000
2020-08-01,2020,8,서대문구,655065000,383565000,876000
2020-09-01,2020,9,서대문구,657641000,384587000,876000
2020-10-01,2020,10,서대문구,658402000,385978000,878000
2020-11-01,2020,11,서대문구,659000000,387957000,880000
2020-12-01,2020,12,서대문구,660500000,391120000,885000
2021-01-01,2021,1,서대문구,662261000,393359000,881000
2021-02-01,2021,2,서대문구,664859000,394837000,882000
2021-03-01,2021,3,서대문구,666489000,395880000,882000
2021-04-01,2021,4,서대문구,667728000,396707000,883000
2021-05-01,2021,5,서대문구,668935000,396967000,882000
2021-06-01,2021,6,서대문구,672652000,397924000,883000
2021-07-01,2021,7,서대문구,914506000,538055000,1089000
2021-08-01,2021,8,서대문구,919218000,541098000,1170000
2021-09-01,2021,9,서대문구,923718000,544095000,1178000
2021-10-01,2021,10,서대문구,932420000,548124000,1187000
2021-11-01,2021,11,서대문구,938879000,551408000,1209000
2021-12-01,2021,12,서대문구,940270000,552328000,1214000
2022-01-01,2022,1,서대문구,940121000,552563000,1223000
2022-02-01,2022,2,서대문구,938408000,551023000,1224000
2022-03-01,2022,3,서대문구,936632000,550368000,1227000
2022-04-01,2022,4,서대문구,935920000,549793000,1229000
2022-05-01,2022,5,서대문구,934552000,549425000,1232000
2022-06-01,2022,6,서대문구,932753000,548822000,1231000
2022-07-01,2022,7,서대문구,928891000,547437000,1236000
2022-08-01,2022,8,서대문구,922057000,544534000,1244000
2022-09-01,2022,9,서대문구,911925000,538799000,1252000
2022-10-01,2022,10,서대문구,900609000,530339000,1257000
2022-11-01,2022,11,서대문구,883667000,513385000,1254000
2022-12-01,2022,12,서대문구,852086000,485879000,1244000
2023-01-01,2023,1,서대문구,838867000,464591000,1229000
2023-02-01,2023,2,서대문구,827740000,453061000,1229000
2023-03-01,2023,3,서대문구,820724000,447497000,1231000
2023-04-01,2023,4,서대문구,815155000,444508000,1231000
2023-05-01,2023,5,서대문구,812989000,442906000,1234000
2023-06-01,2023,6,서대문구,811260000,442547000,1237000
2023-07-01,2023,7,서대문구,812166000,443265000,1244000
2023-08-01,2023,8,서대문구,813657000,445718000,1242000
2023-09-01,2023,9,서대문구,817122000,449403000,1246000
2023-10-01,2023,10,서대문구,819575000,453492000,1248000
2023-11-01,2023,11,서대문구,820823000,455845000,1253000
2023-12-01,2023,12,서대문구,819331000,457713000,1256000
2024-01-01,2024,1,서대문구,815060000,457630000,1263000
2024-02-01,2024,2,서대문구,813348000,458908000,1265000
2024-03-01,2024,3,서대문구,813277000,461022000,1275000
2018-01-01,2018,1,마포구,657137000,472324000,1227000
2018-02-01,2018,2,마포구,669735000,473794000,1227000
2018-03-01,2018,3,마포구,679882000,474088000,1227000
2018-04-01,2018,4,마포구,685598000,474137000,1181000
2018-05-01,2018,5,마포구,690108000,473824000,1181000
2018-06-01,2018,6,마포구,694255000,473578000,1181000
2018-07-01,2018,7,마포구,699186000,475265000,1182000
2018-08-01,2018,8,마포구,709520000,477461000,1185000
2018-09-01,2018,9,마포구,721176000,480186000,1186000
2018-10-01,2018,10,마포구,725461000,483294000,1188000
2018-11-01,2018,11,마포구,725853000,482912000,1188000
2018-12-01,2018,12,마포구,724912000,479824000,1185000
2019-01-01,2019,1,마포구,839735000,488480000,1225000
2019-02-01,2019,2,마포구,834480000,486173000,1221000
2019-03-01,2019,3,마포구,832796000,483735000,1220000
2019-04-01,2019,4,마포구,831367000,480653000,1219000
2019-05-01,2019,5,마포구,830786000,480010000,1219000
2019-06-01,2019,6,마포구,830745000,480888000,1219000
2019-07-01,2019,7,마포구,832408000,480531000,1219000
2019-08-01,2019,8,마포구,835071000,481173000,1222000
2019-09-01,2019,9,마포구,838031000,481296000,1222000
2019-10-01,2019,10,마포구,845745000,482561000,1222000
2019-11-01,2019,11,마포구,852337000,483592000,1222000
2019-12-01,2019,12,마포구,858827000,485378000,1222000
2020-01-01,2020,1,마포구,986221000,522644000,1364000
2020-02-01,2020,2,마포구,988750000,525774000,1363000
2020-03-01,2020,3,마포구,990308000,527726000,1363000
2020-04-01,2020,4,마포구,989048000,529226000,1363000
2020-05-01,2020,5,마포구,985192000,530524000,1363000
2020-06-01,2020,6,마포구,984317000,532721000,1363000
2020-07-01,2020,7,마포구,998962000,536500000,1376000
2020-08-01,2020,8,마포구,1004481000,541663000,1379000
2020-09-01,2020,9,마포구,1007385000,546125000,1381000
2020-10-01,2020,10,마포구,1010106000,548385000,1383000
2020-11-01,2020,11,마포구,1011298000,552923000,1387000
2020-12-01,2020,12,마포구,1015510000,559971000,1391000
2021-01-01,2021,1,마포구,1019750000,565413000,1397000
2021-02-01,2021,2,마포구,1030865000,568010000,1404000
2021-03-01,2021,3,마포구,1036260000,569356000,1411000
2021-04-01,2021,4,마포구,1039510000,569221000,1420000
2021-05-01,2021,5,마포구,1043577000,569606000,1463000
2021-06-01,2021,6,마포구,1054750000,571635000,1464000
2021-07-01,2021,7,마포구,1134507000,649793000,1292000
2021-08-01,2021,8,마포구,1144094000,653764000,1298000
2021-09-01,2021,9,마포구,1154232000,659138000,1302000
2021-10-01,2021,10,마포구,1168941000,664980000,1306000
2021-11-01,2021,11,마포구,1179877000,669724000,1309000
2021-12-01,2021,12,마포구,1182064000,671167000,1315000
2022-01-01,2022,1,마포구,1181567000,671227000,1322000
2022-02-01,2022,2,마포구,1180517000,670527000,1320000
2022-03-01,2022,3,마포구,1179320000,669601000,1320000
2022-04-01,2022,4,마포구,1178729000,669099000,1320000
2022-05-01,2022,5,마포구,1178315000,668749000,1321000
2022-06-01,2022,6,마포구,1177153000,668232000,1322000
2022-07-01,2022,7,마포구,1172837000,666980000,1326000
2022-08-01,2022,8,마포구,1164404000,664635000,1333000
2022-09-01,2022,9,마포구,1154163000,658315000,1338000
2022-10-01,2022,10,마포구,1142631000,650128000,1340000
2022-11-01,2022,11,마포구,1125192000,632729000,1336000
2022-12-01,2022,12,마포구,1087532000,601778000,1332000
2023-01-01,2023,1,마포구,1068986000,583606000,1347000
2023-02-01,2023,2,마포구,1057657000,569859000,1347000
2023-03-01,2023,3,마포구,1048845000,561695000,1344000
2023-04-01,2023,4,마포구,1044723000,559704000,1344000
2023-05-01,2023,5,마포구,1043906000,559676000,1341000
2023-06-01,2023,6,마포구,1047751000,560563000,1343000
2023-07-01,2023,7,마포구,1053944000,563451000,1345000
2023-08-01,2023,8,마포구,1063376000,568408000,1345000
2023-09-01,2023,9,마포구,1070850000,574329000,1346000
2023-10-01,2023,10,마포구,1075883000,578235000,1347000
2023-11-01,2023,11,마포구,1077596000,582423000,1350000
2023-12-01,2023,12,마포구,1075751000,585338000,1354000
2024-01-01,2024,1,마포구,1074950000,587697000,1365000
2024-02-01,2024,2,마포구,1073271000,588436000,1367000
2024-03-01,2024,3,마포구,1075344000,589647000,1370000
2018-01-01,2018,1,양천구,705708000,445792000,825000
2018-02-01,2018,2,양천구,718667000,449458000,836000
2018-03-01,2018,3,양천구,721208000,447667000,836000
2018-04-01,2018,4,양천구,718308000,442750000,829000
2018-05-01,2018,5,양천구,717350000,440883000,828000
2018-06-01,2018,6,양천구,715925000,441717000,828000
2018-07-01,2018,7,양천구,717292000,445008000,827000
2018-08-01,2018,8,양천구,726267000,446942000,825000
2018-09-01,2018,9,양천구,742283000,448958000,824000
2018-10-01,2018,10,양천구,744592000,449733000,824000
2018-11-01,2018,11,양천구,744692000,449925000,824000
2018-12-01,2018,12,양천구,743642000,450200000,824000
2019-01-01,2019,1,양천구,808806000,459978000,868000
2019-02-01,2019,2,양천구,804463000,458522000,867000
2019-03-01,2019,3,양천구,798612000,456119000,863000
2019-04-01,2019,4,양천구,792164000,453537000,862000
2019-05-01,2019,5,양천구,789597000,452455000,860000
2019-06-01,2019,6,양천구,788881000,451731000,859000
2019-07-01,2019,7,양천구,792022000,451776000,859000
2019-08-01,2019,8,양천구,793000000,452410000,859000
2019-09-01,2019,9,양천구,793649000,453127000,859000
2019-10-01,2019,10,양천구,799910000,455821000,861000
2019-11-01,2019,11,양천구,807642000,460746000,864000
2019-12-01,2019,12,양천구,827381000,467030000,868000
2020-01-01,2020,1,양천구,876286000,465807000,855000
2020-02-01,2020,2,양천구,876079000,466857000,855000
2020-03-01,2020,3,양천구,876279000,466379000,855000
2020-04-01,2020,4,양천구,875343000,465564000,856000
2020-05-01,2020,5,양천구,873414000,464743000,855000
2020-06-01,2020,6,양천구,875407000,464793000,855000
2020-07-01,2020,7,양천구,884850000,466271000,846000
2020-08-01,2020,8,양천구,889929000,468000000,847000
2020-09-01,2020,9,양천구,893000000,469807000,844000
2020-10-01,2020,10,양천구,893800000,471336000,847000
2020-11-01,2020,11,양천구,894514000,473414000,845000
2020-12-01,2020,12,양천구,897150000,477086000,850000
2021-01-01,2021,1,양천구,900700000,479000000,852000
2021-02-01,2021,2,양천구,906261000,480614000,853000
2021-03-01,2021,3,양천구,912611000,481986000,853000
2021-04-01,2021,4,양천구,918546000,482979000,854000
2021-05-01,2021,5,양천구,925554000,482693000,854000
2021-06-01,2021,6,양천구,934686000,482814000,852000
2021-07-01,2021,7,양천구,1196524000,628315000,932000
2021-08-01,2021,8,양천구,1202141000,634637000,931000
2021-09-01,2021,9,양천구,1208153000,638089000,932000
2021-10-01,2021,10,양천구,1212415000,643560000,933000
2021-11-01,2021,11,양천구,1216395000,646847000,933000
2021-12-01,2021,12,양천구,1218141000,650310000,931000
2022-01-01,2022,1,양천구,1218153000,650657000,935000
2022-02-01,2022,2,양천구,1217431000,649335000,937000
2022-03-01,2022,3,양천구,1217298000,647141000,942000
2022-04-01,2022,4,양천구,1217758000,645847000,949000
2022-05-01,2022,5,양천구,1217782000,645069000,949000
2022-06-01,2022,6,양천구,1216758000,643492000,957000
2022-07-01,2022,7,양천구,1215899000,641790000,964000
2022-08-01,2022,8,양천구,1212423000,639956000,964000
2022-09-01,2022,9,양천구,1205536000,635835000,959000
2022-10-01,2022,10,양천구,1191242000,627181000,959000
2022-11-01,2022,11,양천구,1169726000,611238000,958000
2022-12-01,2022,12,양천구,1146532000,580855000,942000
2023-01-01,2023,1,양천구,1122477000,540430000,948000
2023-02-01,2023,2,양천구,1111233000,518694000,951000
2023-03-01,2023,3,양천구,1105295000,506694000,961000
2023-04-01,2023,4,양천구,1104194000,503422000,959000
2023-05-01,2023,5,양천구,1105287000,503760000,956000
2023-06-01,2023,6,양천구,1107992000,506008000,954000
2023-07-01,2023,7,양천구,1114039000,508194000,955000
2023-08-01,2023,8,양천구,1122151000,510771000,957000
2023-09-01,2023,9,양천구,1132008000,515128000,962000
2023-10-01,2023,10,양천구,1139244000,519717000,971000
2023-11-01,2023,11,양천구,1144306000,526713000,986000
2023-12-01,2023,12,양천구,1144132000,530306000,995000
2024-01-01,2024,1,양천구,1142736000,531341000,999000
2024-02-01,2024,2,양천구,1141756000,531919000,1002000
2024-03-01,2024,3,양천구,1141736000,533314000,1005000
2018-01-01,2018,1,강서구,481953000,324766000,779000
2018-02-01,2018,2,강서구,489414000,329453000,779000
2018-03-01,2018,3,강서구,496055000,329258000,779000
2018-04-01,2018,4,강서구,503773000,328680000,778000
2018-05-01,2018,5,강서구,506711000,328117000,776000
2018-06-01,2018,6,강서구,508195000,327195000,776000
2018-07-01,2018,7,강서구,510414000,328133000,776000
2018-08-01,2018,8,강서구,514484000,328313000,776000
2018-09-01,2018,9,강서구,525992000,330781000,777000
2018-10-01,2018,10,강서구,529813000,332008000,778000
2018-11-01,2018,11,강서구,529859000,331305000,777000
2018-12-01,2018,12,강서구,529313000,330852000,777000
2019-01-01,2019,1,강서구,583185000,339306000,794000
2019-02-01,2019,2,강서구,582395000,338484000,794000
2019-03-01,2019,3,강서구,581177000,337056000,792000
2019-04-01,2019,4,강서구,578968000,336266000,792000
2019-05-01,2019,5,강서구,577355000,335718000,791000
2019-06-01,2019,6,강서구,576395000,335234000,791000
2019-07-01,2019,7,강서구,576169000,335621000,791000
2019-08-01,2019,8,강서구,576645000,336218000,791000
2019-09-01,2019,9,강서구,577379000,337097000,791000
2019-10-01,2019,10,강서구,579476000,338935000,792000
2019-11-01,2019,11,강서구,583266000,340903000,792000
2019-12-01,2019,12,강서구,588250000,342952000,793000
2020-01-01,2020,1,강서구,615250000,354394000,819000
2020-02-01,2020,2,강서구,615932000,354894000,820000
2020-03-01,2020,3,강서구,616598000,355500000,820000
2020-04-01,2020,4,강서구,617386000,355955000,820000
2020-05-01,2020,5,강서구,617000000,355955000,820000
2020-06-01,2020,6,강서구,617136000,356348000,820000
2020-07-01,2020,7,강서구,623697000,357212000,820000
2020-08-01,2020,8,강서구,627288000,358932000,828000
2020-09-01,2020,9,강서구,629871000,360720000,834000
2020-10-01,2020,10,강서구,630788000,362432000,835000
2020-11-01,2020,11,강서구,631848000,364606000,837000
2020-12-01,2020,12,강서구,633348000,366773000,840000
2021-01-01,2021,1,강서구,635697000,368455000,845000
2021-02-01,2021,2,강서구,638765000,370045000,849000
2021-03-01,2021,3,강서구,641561000,371361000,850000
2021-04-01,2021,4,강서구,643379000,371898000,850000
2021-05-01,2021,5,강서구,645197000,372452000,850000
2021-06-01,2021,6,강서구,649356000,373545000,850000
2021-07-01,2021,7,강서구,849210000,491452000,868000
2021-08-01,2021,8,강서구,858741000,495426000,878000
2021-09-01,2021,9,강서구,870094000,498676000,872000
2021-10-01,2021,10,강서구,878239000,501691000,876000
2021-11-01,2021,11,강서구,885173000,503936000,882000
2021-12-01,2021,12,강서구,887913000,506701000,877000
2022-01-01,2022,1,강서구,888983000,506690000,872000
2022-02-01,2022,2,강서구,888476000,506289000,877000
2022-03-01,2022,3,강서구,887454000,504662000,881000
2022-04-01,2022,4,강서구,886393000,503485000,875000
2022-05-01,2022,5,강서구,886216000,503162000,870000
2022-06-01,2022,6,강서구,885101000,502572000,865000
2022-07-01,2022,7,강서구,882980000,501598000,857000
2022-08-01,2022,8,강서구,879922000,500660000,857000
2022-09-01,2022,9,강서구,872330000,497899000,860000
2022-10-01,2022,10,강서구,859939000,491897000,860000
2022-11-01,2022,11,강서구,843024000,480339000,856000
2022-12-01,2022,12,강서구,820434000,460145000,854000
2023-01-01,2023,1,강서구,794209000,433234000,855000
2023-02-01,2023,2,강서구,778171000,414901000,848000
2023-03-01,2023,3,강서구,766080000,400328000,851000
2023-04-01,2023,4,강서구,759121000,396769000,850000
2023-05-01,2023,5,강서구,755671000,395381000,845000
2023-06-01,2023,6,강서구,755146000,395259000,844000
2023-07-01,2023,7,강서구,758030000,396133000,840000
2023-08-01,2023,8,강서구,760565000,398163000,849000
2023-09-01,2023,9,강서구,763598000,400994000,851000
2023-10-01,2023,10,강서구,768208000,404981000,856000
2023-11-01,2023,11,강서구,770318000,409209000,863000
2023-12-01,2023,12,강서구,769679000,411693000,865000
2024-01-01,2024,1,강서구,765766000,412913000,868000
2024-02-01,2024,2,강서구,764279000,413345000,869000
2024-03-01,2024,3,강서구,764262000,414454000,872000
2018-01-01,2018,1,구로구,424241000,328328000,756000
2018-02-01,2018,2,구로구,427845000,329319000,755000
2018-03-01,2018,3,구로구,429871000,329586000,755000
2018-04-01,2018,4,구로구,433267000,329207000,755000
2018-05-01,2018,5,구로구,436086000,328603000,754000
2018-06-01,2018,6,구로구,439517000,328017000,754000
2018-07-01,2018,7,구로구,442216000,328034000,754000
2018-08-01,2018,8,구로구,444526000,328388000,754000
2018-09-01,2018,9,구로구,449397000,328534000,754000
2018-10-01,2018,10,구로구,451672000,328991000,754000
2018-11-01,2018,11,구로구,452216000,329216000,754000
2018-12-01,2018,12,구로구,451836000,329466000,754000
2019-01-01,2019,1,구로구,526882000,344891000,825000
2019-02-01,2019,2,구로구,526518000,343709000,825000
2019-03-01,2019,3,구로구,526355000,343182000,825000
2019-04-01,2019,4,구로구,525373000,342673000,825000
2019-05-01,2019,5,구로구,525009000,342182000,825000
2019-06-01,2019,6,구로구,525009000,341864000,825000
2019-07-01,2019,7,구로구,525191000,341791000,825000
2019-08-01,2019,8,구로구,525691000,341991000,825000
2019-09-01,2019,9,구로구,526582000,342464000,825000
2019-10-01,2019,10,구로구,528918000,343009000,825000
2019-11-01,2019,11,구로구,532273000,343936000,825000
2019-12-01,2019,12,구로구,535682000,344773000,825000
2020-01-01,2020,1,구로구,553669000,340212000,814000
2020-02-01,2020,2,구로구,555398000,340907000,814000
2020-03-01,2020,3,구로구,557297000,341822000,814000
2020-04-01,2020,4,구로구,559042000,342161000,814000
2020-05-01,2020,5,구로구,560483000,342534000,814000
2020-06-01,2020,6,구로구,562559000,343424000,814000
2020-07-01,2020,7,구로구,570017000,344492000,814000
2020-08-01,2020,8,구로구,573797000,346559000,814000
2020-09-01,2020,9,구로구,576415000,348678000,815000
2020-10-01,2020,10,구로구,577288000,350839000,816000
2020-11-01,2020,11,구로구,578212000,352932000,818000
2020-12-01,2020,12,구로구,579432000,355585000,820000
2021-01-01,2021,1,구로구,581500000,358415000,823000
2021-02-01,2021,2,구로구,584275000,360542000,824000
2021-03-01,2021,3,구로구,586347000,361856000,824000
2021-04-01,2021,4,구로구,587924000,362797000,824000
2021-05-01,2021,5,구로구,589737000,363653000,824000
2021-06-01,2021,6,구로구,593008000,365246000,824000
2021-07-01,2021,7,구로구,665836000,421051000,795000
2021-08-01,2021,8,구로구,671066000,423385000,795000
2021-09-01,2021,9,구로구,677414000,426186000,798000
2021-10-01,2021,10,구로구,683172000,428658000,798000
2021-11-01,2021,11,구로구,688553000,431477000,798000
2021-12-01,2021,12,구로구,691352000,433559000,799000
2022-01-01,2022,1,구로구,691836000,433990000,799000
2022-02-01,2022,2,구로구,691471000,433598000,800000
2022-03-01,2022,3,구로구,690980000,432902000,800000
2022-04-01,2022,4,구로구,690512000,432588000,800000
2022-05-01,2022,5,구로구,690299000,432293000,801000
2022-06-01,2022,6,구로구,689727000,432060000,801000
2022-07-01,2022,7,구로구,688158000,431400000,801000
2022-08-01,2022,8,구로구,685617000,430412000,799000
2022-09-01,2022,9,구로구,680965000,428234000,800000
2022-10-01,2022,10,구로구,672807000,423650000,800000
2022-11-01,2022,11,구로구,660494000,410007000,803000
2022-12-01,2022,12,구로구,646449000,389535000,803000
2023-01-01,2023,1,구로구,632059000,367773000,807000
2023-02-01,2023,2,구로구,622121000,354015000,828000
2023-03-01,2023,3,구로구,616590000,348728000,845000
2023-04-01,2023,4,구로구,611662000,345170000,852000
2023-05-01,2023,5,구로구,609689000,344048000,853000
2023-06-01,2023,6,구로구,609240000,344353000,858000
2023-07-01,2023,7,구로구,609527000,344484000,861000
2023-08-01,2023,8,구로구,610873000,346525000,865000
2023-09-01,2023,9,구로구,612322000,349189000,866000
2023-10-01,2023,10,구로구,614453000,352230000,870000
2023-11-01,2023,11,구로구,613842000,354435000,871000
2023-12-01,2023,12,구로구,611709000,356412000,871000
2024-01-01,2024,1,구로구,607073000,356901000,876000
2024-02-01,2024,2,구로구,606329000,357602000,874000
2024-03-01,2024,3,구로구,605370000,359535000,877000
2018-01-01,2018,1,금천구,348900000,269986000,742000
2018-02-01,2018,2,금천구,349257000,269786000,741000
2018-03-01,2018,3,금천구,349971000,269686000,741000
2018-04-01,2018,4,금천구,350671000,269400000,741000
2018-05-01,2018,5,금천구,351871000,269057000,741000
2018-06-01,2018,6,금천구,352957000,268957000,741000
2018-07-01,2018,7,금천구,354171000,269200000,741000
2018-08-01,2018,8,금천구,356529000,270086000,741000
2018-09-01,2018,9,금천구,361414000,270314000,741000
2018-10-01,2018,10,금천구,363686000,270800000,741000
2018-11-01,2018,11,금천구,364329000,270986000,741000
2018-12-01,2018,12,금천구,364400000,271071000,741000
2019-01-01,2019,1,금천구,404297000,272141000,759000
2019-02-01,2019,2,금천구,403906000,270969000,758000
2019-03-01,2019,3,금천구,403281000,270406000,758000
2019-04-01,2019,4,금천구,403016000,269969000,758000
2019-05-01,2019,5,금천구,402859000,269938000,758000
2019-06-01,2019,6,금천구,402859000,269719000,758000
2019-07-01,2019,7,금천구,403266000,269953000,758000
2019-08-01,2019,8,금천구,403594000,270141000,758000
2019-09-01,2019,9,금천구,404125000,270578000,758000
2019-10-01,2019,10,금천구,405625000,271219000,758000
2019-11-01,2019,11,금천구,407875000,272906000,758000
2019-12-01,2019,12,금천구,410234000,275375000,758000
2020-01-01,2020,1,금천구,514411000,318000000,827000
2020-02-01,2020,2,금천구,514666000,318308000,827000
2020-03-01,2020,3,금천구,515526000,318603000,827000
2020-04-01,2020,4,금천구,516397000,318897000,827000
2020-05-01,2020,5,금천구,516756000,319141000,827000
2020-06-01,2020,6,금천구,517782000,319538000,827000
2020-07-01,2020,7,금천구,521923000,320218000,830000
2020-08-01,2020,8,금천구,524231000,321923000,839000
2020-09-01,2020,9,금천구,525885000,323333000,853000
2020-10-01,2020,10,금천구,526526000,324936000,853000
2020-11-01,2020,11,금천구,527038000,326872000,855000
2020-12-01,2020,12,금천구,527949000,328833000,859000
2021-01-01,2021,1,금천구,528897000,329513000,860000
2021-02-01,2021,2,금천구,531090000,330308000,861000
2021-03-01,2021,3,금천구,532372000,331021000,861000
2021-04-01,2021,4,금천구,533577000,331267000,861000
2021-05-01,2021,5,금천구,534910000,331423000,862000
2021-06-01,2021,6,금천구,538564000,331718000,863000
2021-07-01,2021,7,금천구,638543000,380578000,939000
2021-08-01,2021,8,금천구,641853000,382647000,939000
2021-09-01,2021,9,금천구,646434000,385275000,940000
2021-10-01,2021,10,금천구,651938000,388477000,941000
2021-11-01,2021,11,금천구,654875000,388934000,941000
2021-12-01,2021,12,금천구,654588000,389283000,942000
2022-01-01,2022,1,금천구,654596000,389260000,941000
2022-02-01,2022,2,금천구,654286000,388950000,945000
2022-03-01,2022,3,금천구,653968000,388764000,894000
2022-04-01,2022,4,금천구,653751000,388523000,894000
2022-05-01,2022,5,금천구,653247000,388267000,895000
2022-06-01,2022,6,금천구,652860000,387903000,897000
2022-07-01,2022,7,금천구,651526000,387518000,891000
2022-08-01,2022,8,금천구,648759000,386447000,892000
2022-09-01,2022,9,금천구,643053000,384571000,893000
2022-10-01,2022,10,금천구,633891000,379974000,893000
2022-11-01,2022,11,금천구,619515000,368027000,895000
2022-12-01,2022,12,금천구,601626000,344734000,894000
2023-01-01,2023,1,금천구,585453000,323863000,893000
2023-02-01,2023,2,금천구,572464000,308400000,892000
2023-03-01,2023,3,금천구,563983000,300422000,891000
2023-04-01,2023,4,금천구,560270000,298474000,895000
2023-05-01,2023,5,금천구,559429000,298880000,903000
2023-06-01,2023,6,금천구,559205000,299304000,906000
2023-07-01,2023,7,금천구,560370000,299940000,910000
2023-08-01,2023,8,금천구,562339000,301664000,912000
2023-09-01,2023,9,금천구,565455000,303782000,912000
2023-10-01,2023,10,금천구,568013000,305883000,913000
2023-11-01,2023,11,금천구,568912000,308339000,908000
2023-12-01,2023,12,금천구,567734000,310339000,914000
2024-01-01,2024,1,금천구,568590000,312786000,920000
2024-02-01,2024,2,금천구,567390000,313686000,924000
2024-03-01,2024,3,금천구,567405000,315145000,928000
2018-01-01,2018,1,영등포구,589568000,393486000,1008000
2018-02-01,2018,2,영등포구,596145000,394277000,1008000
2018-03-01,2018,3,영등포구,599964000,393959000,1008000
2018-04-01,2018,4,영등포구,603891000,393705000,1007000
2018-05-01,2018,5,영등포구,606636000,393295000,1007000
2018-06-01,2018,6,영등포구,608955000,393941000,1009000
2018-07-01,2018,7,영등포구,614636000,393823000,1009000
2018-08-01,2018,8,영등포구,625436000,394859000,1010000
2018-09-01,2018,9,영등포구,639600000,397386000,1010000
2018-10-01,2018,10,영등포구,642873000,399914000,1010000
2018-11-01,2018,11,영등포구,643909000,400450000,1010000
2018-12-01,2018,12,영등포구,643364000,399932000,1010000
2019-01-01,2019,1,영등포구,777065000,424106000,1066000
2019-02-01,2019,2,영등포구,775287000,421792000,1066000
2019-03-01,2019,3,영등포구,772435000,420634000,1066000
2019-04-01,2019,4,영등포구,771306000,418449000,1066000
2019-05-01,2019,5,영등포구,769769000,416838000,1066000
2019-06-01,2019,6,영등포구,769528000,416579000,1066000
2019-07-01,2019,7,영등포구,770630000,415889000,1070000
2019-08-01,2019,8,영등포구,771861000,416324000,1070000
2019-09-01,2019,9,영등포구,773546000,417574000,1070000
2019-10-01,2019,10,영등포구,778546000,419824000,1068000
2019-11-01,2019,11,영등포구,784352000,422898000,1068000
2019-12-01,2019,12,영등포구,790361000,425111000,1068000
2020-01-01,2020,1,영등포구,811102000,419390000,1056000
2020-02-01,2020,2,영등포구,805448000,416805000,1054000
2020-03-01,2020,3,영등포구,806083000,417432000,1054000
2020-04-01,2020,4,영등포구,806032000,417898000,1054000
2020-05-01,2020,5,영등포구,805485000,417881000,1054000
2020-06-01,2020,6,영등포구,806553000,417992000,1054000
2020-07-01,2020,7,영등포구,815280000,419085000,1054000
2020-08-01,2020,8,영등포구,820331000,420864000,1055000
2020-09-01,2020,9,영등포구,823466000,422814000,1057000
2020-10-01,2020,10,영등포구,824356000,424398000,1058000
2020-11-01,2020,11,영등포구,825407000,426297000,1060000
2020-12-01,2020,12,영등포구,827110000,430364000,1063000
2021-01-01,2021,1,영등포구,829424000,432424000,1065000
2021-02-01,2021,2,영등포구,835983000,433771000,1066000
2021-03-01,2021,3,영등포구,839661000,434864000,1066000
2021-04-01,2021,4,영등포구,843220000,435593000,1067000
2021-05-01,2021,5,영등포구,848780000,436322000,1067000
2021-06-01,2021,6,영등포구,856695000,437949000,1067000
2021-07-01,2021,7,영등포구,1139713000,581962000,957000
2021-08-01,2021,8,영등포구,1147357000,585631000,958000
2021-09-01,2021,9,영등포구,1156448000,589997000,959000
2021-10-01,2021,10,영등포구,1163800000,594935000,963000
2021-11-01,2021,11,영등포구,1168135000,598348000,963000
2021-12-01,2021,12,영등포구,1170000000,600900000,964000
2022-01-01,2022,1,영등포구,1170574000,601213000,965000
2022-02-01,2022,2,영등포구,1170152000,601148000,970000
2022-03-01,2022,3,영등포구,1169109000,601274000,973000
2022-04-01,2022,4,영등포구,1168952000,601343000,976000
2022-05-01,2022,5,영등포구,1169404000,601700000,978000
2022-06-01,2022,6,영등포구,1169435000,601357000,989000
2022-07-01,2022,7,영등포구,1168826000,600826000,990000
2022-08-01,2022,8,영등포구,1165004000,599060000,994000
2022-09-01,2022,9,영등포구,1159461000,596225000,995000
2022-10-01,2022,10,영등포구,1147522000,589769000,998000
2022-11-01,2022,11,영등포구,1123074000,574438000,998000
2022-12-01,2022,12,영등포구,1091696000,552414000,1000000
2023-01-01,2023,1,영등포구,1070780000,532101000,997000
2023-02-01,2023,2,영등포구,1058257000,511813000,987000
2023-03-01,2023,3,영등포구,1048057000,497811000,980000
2023-04-01,2023,4,영등포구,1045624000,495065000,977000
2023-05-01,2023,5,영등포구,1045702000,495016000,975000
2023-06-01,2023,6,영등포구,1048424000,497350000,996000
2023-07-01,2023,7,영등포구,1053616000,499177000,1002000
2023-08-01,2023,8,영등포구,1058249000,502914000,1007000
2023-09-01,2023,9,영등포구,1065829000,506033000,1018000
2023-10-01,2023,10,영등포구,1073384000,509871000,1024000
2023-11-01,2023,11,영등포구,1078576000,514352000,1033000
2023-12-01,2023,12,영등포구,1079045000,517360000,1051000
2024-01-01,2024,1,영등포구,1074336000,519845000,1076000
2024-02-01,2024,2,영등포구,1073588000,521614000,1083000
2024-03-01,2024,3,영등포구,1074484000,523078000,1090000
2018-01-01,2018,1,동작구,642030000,477190000,1164000
2018-02-01,2018,2,동작구,648350000,475620000,1164000
2018-03-01,2018,3,동작구,654800000,472270000,1159000
2018-04-01,2018,4,동작구,660570000,469740000,1159000
2018-05-01,2018,5,동작구,666840000,468380000,1160000
2018-06-01,2018,6,동작구,670710000,467410000,1160000
2018-07-01,2018,7,동작구,675720000,470380000,1160000
2018-08-01,2018,8,동작구,684200000,475280000,1160000
2018-09-01,2018,9,동작구,702310000,480220000,1161000
2018-10-01,2018,10,동작구,705200000,481330000,1161000
2018-11-01,2018,11,동작구,704200000,480230000,1161000
2018-12-01,2018,12,동작구,702530000,478010000,1161000
2019-01-01,2019,1,동작구,807327000,482806000,1215000
2019-02-01,2019,2,동작구,804143000,478184000,1215000
2019-03-01,2019,3,동작구,799714000,473888000,1215000
2019-04-01,2019,4,동작구,794531000,471786000,1215000
2019-05-01,2019,5,동작구,791704000,470663000,1215000
2019-06-01,2019,6,동작구,791071000,470265000,1215000
2019-07-01,2019,7,동작구,792908000,472000000,1215000
2019-08-01,2019,8,동작구,793969000,473490000,1215000
2019-09-01,2019,9,동작구,795327000,475214000,1215000
2019-10-01,2019,10,동작구,799561000,479112000,1215000
2019-11-01,2019,11,동작구,806469000,480847000,1215000
2019-12-01,2019,12,동작구,819582000,483541000,1223000
2020-01-01,2020,1,동작구,835058000,474885000,1187000
2020-02-01,2020,2,동작구,836250000,477317000,1187000
2020-03-01,2020,3,동작구,837442000,478394000,1187000
2020-04-01,2020,4,동작구,837192000,479288000,1187000
2020-05-01,2020,5,동작구,836577000,480452000,1188000
2020-06-01,2020,6,동작구,837298000,481663000,1188000
2020-07-01,2020,7,동작구,844644000,483548000,1188000
2020-08-01,2020,8,동작구,847923000,487750000,1176000
2020-09-01,2020,9,동작구,849327000,490154000,1164000
2020-10-01,2020,10,동작구,849827000,492490000,1166000
2020-11-01,2020,11,동작구,850404000,499058000,1171000
2020-12-01,2020,12,동작구,851606000,504962000,1176000
2021-01-01,2021,1,동작구,854606000,509846000,1179000
2021-02-01,2021,2,동작구,860038000,514548000,1182000
2021-03-01,2021,3,동작구,865644000,517606000,1183000
2021-04-01,2021,4,동작구,870644000,519663000,1184000
2021-05-01,2021,5,동작구,876106000,519971000,1184000
2021-06-01,2021,6,동작구,888529000,528260000,1192000
2021-07-01,2021,7,동작구,1065149000,640281000,1098000
2021-08-01,2021,8,동작구,1074886000,646234000,1115000
2021-09-01,2021,9,동작구,1085873000,651562000,1131000
2021-10-01,2021,10,동작구,1095958000,656388000,1142000
2021-11-01,2021,11,동작구,1103453000,659353000,1149000
2021-12-01,2021,12,동작구,1108527000,661602000,1161000
2022-01-01,2022,1,동작구,1109109000,661052000,1164000
2022-02-01,2022,2,동작구,1108637000,660166000,1164000
2022-03-01,2022,3,동작구,1107632000,659047000,1162000
2022-04-01,2022,4,동작구,1107612000,659097000,1163000
2022-05-01,2022,5,동작구,1108303000,659639000,1163000
2022-06-01,2022,6,동작구,1108537000,659587000,1163000
2022-07-01,2022,7,동작구,1107891000,659164000,1153000
2022-08-01,2022,8,동작구,1106129000,658119000,1150000
2022-09-01,2022,9,동작구,1099881000,653726000,1148000
2022-10-01,2022,10,동작구,1091726000,646368000,1146000
2022-11-01,2022,11,동작구,1071955000,624770000,1136000
2022-12-01,2022,12,동작구,1043861000,597899000,1120000
2023-01-01,2023,1,동작구,1034242000,571060000,1089000
2023-02-01,2023,2,동작구,1016322000,535783000,1117000
2023-03-01,2023,3,동작구,1010569000,523574000,1100000
2023-04-01,2023,4,동작구,1010540000,522134000,1098000
2023-05-01,2023,5,동작구,1012896000,523328000,1096000
2023-06-01,2023,6,동작구,1013924000,524527000,1105000
2023-07-01,2023,7,동작구,1014763000,525437000,1105000
2023-08-01,2023,8,동작구,1017427000,527172000,1110000
2023-09-01,2023,9,동작구,1018829000,528882000,1111000
2023-10-01,2023,10,동작구,1021261000,531764000,1113000
2023-11-01,2023,11,동작구,1021275000,536565000,1115000
2023-12-01,2023,12,동작구,1018611000,539683000,1141000
2024-01-01,2024,1,동작구,1017568000,543029000,1168000
2024-02-01,2024,2,동작구,1017028000,544499000,1172000
2024-03-01,2024,3,동작구,1018249000,546395000,1173000
2018-01-01,2018,1,관악구,423337000,337935000,837000
2018-02-01,2018,2,관악구,425228000,338152000,837000
2018-03-01,2018,3,관악구,426630000,338043000,837000
2018-04-01,2018,4,관악구,427467000,337489000,837000
2018-05-01,2018,5,관악구,429576000,336880000,837000
2018-06-01,2018,6,관악구,432283000,336913000,837000
2018-07-01,2018,7,관악구,435630000,337413000,837000
2018-08-01,2018,8,관악구,438293000,337946000,840000
2018-09-01,2018,9,관악구,443739000,338489000,840000
2018-10-01,2018,10,관악구,445891000,339587000,840000
2018-11-01,2018,11,관악구,446076000,339685000,840000
2018-12-01,2018,12,관악구,445815000,339576000,840000
2019-01-01,2019,1,관악구,496558000,341500000,857000
2019-02-01,2019,2,관악구,495651000,340930000,856000
2019-03-01,2019,3,관악구,494651000,340326000,856000
2019-04-01,2019,4,관악구,493430000,339198000,855000
2019-05-01,2019,5,관악구,492686000,338651000,853000
2019-06-01,2019,6,관악구,492360000,338221000,853000
2019-07-01,2019,7,관악구,492174000,337337000,852000
2019-08-01,2019,8,관악구,492419000,337140000,853000
2019-09-01,2019,9,관악구,492965000,337407000,853000
2019-10-01,2019,10,관악구,494407000,339070000,853000
2019-11-01,2019,11,관악구,497023000,341407000,854000
2019-12-01,2019,12,관악구,500186000,343512000,855000
2020-01-01,2020,1,관악구,510957000,337141000,855000
2020-02-01,2020,2,관악구,511435000,337728000,856000
2020-03-01,2020,3,관악구,512663000,338163000,856000
2020-04-01,2020,4,관악구,514283000,338598000,856000
2020-05-01,2020,5,관악구,515196000,338783000,856000
2020-06-01,2020,6,관악구,516554000,339380000,856000
2020-07-01,2020,7,관악구,523196000,340424000,856000
2020-08-01,2020,8,관악구,526967000,342880000,856000
2020-09-01,2020,9,관악구,530511000,346087000,856000
2020-10-01,2020,10,관악구,531663000,348207000,857000
2020-11-01,2020,11,관악구,533272000,350935000,860000
2020-12-01,2020,12,관악구,536359000,355674000,864000
2021-01-01,2021,1,관악구,539489000,360033000,866000
2021-02-01,2021,2,관악구,545370000,362837000,867000
2021-03-01,2021,3,관악구,549120000,364957000,868000
2021-04-01,2021,4,관악구,551587000,366630000,868000
2021-05-01,2021,5,관악구,553707000,367880000,868000
2021-06-01,2021,6,관악구,558848000,370359000,868000
2021-07-01,2021,7,관악구,745299000,472391000,808000
2021-08-01,2021,8,관악구,753247000,475782000,810000
2021-09-01,2021,9,관악구,759655000,478828000,812000
2021-10-01,2021,10,관악구,765529000,480299000,813000
2021-11-01,2021,11,관악구,766920000,480741000,813000
2021-12-01,2021,12,관악구,766994000,481034000,814000
2022-01-01,2022,1,관악구,767126000,481247000,814000
2022-02-01,2022,2,관악구,766649000,481184000,815000
2022-03-01,2022,3,관악구,765925000,480931000,815000
2022-04-01,2022,4,관악구,765460000,480724000,816000
2022-05-01,2022,5,관악구,764816000,480305000,816000
2022-06-01,2022,6,관악구,764517000,480029000,816000
2022-07-01,2022,7,관악구,763195000,479615000,815000
2022-08-01,2022,8,관악구,760713000,478489000,815000
2022-09-01,2022,9,관악구,754408000,475121000,814000
2022-10-01,2022,10,관악구,745213000,468592000,812000
2022-11-01,2022,11,관악구,731362000,455793000,808000
2022-12-01,2022,12,관악구,711747000,430851000,804000
2023-01-01,2023,1,관악구,699150000,414756000,804000
2023-02-01,2023,2,관악구,686217000,398461000,801000
2023-03-01,2023,3,관악구,676300000,385094000,806000
2023-04-01,2023,4,관악구,671156000,380933000,804000
2023-05-01,2023,5,관악구,669389000,379500000,801000
2023-06-01,2023,6,관악구,669267000,379222000,800000
2023-07-01,2023,7,관악구,670306000,379278000,798000
2023-08-01,2023,8,관악구,673072000,380706000,800000
2023-09-01,2023,9,관악구,674922000,382483000,801000
2023-10-01,2023,10,관악구,677567000,384072000,804000
2023-11-01,2023,11,관악구,678133000,384539000,806000
2023-12-01,2023,12,관악구,676811000,384656000,827000
2024-01-01,2024,1,관악구,667667000,380705000,827000
2024-02-01,2024,2,관악구,666022000,380989000,829000
2024-03-01,2024,3,관악구,664443000,381710000,831000
2018-01-01,2018,1,서초구,1306195000,786922000,1936000
2018-02-01,2018,2,서초구,1346953000,788680000,1936000
2018-03-01,2018,3,서초구,1352734000,780234000,1936000
2018-04-01,2018,4,서초구,1352148000,773594000,1935000
2018-05-01,2018,5,서초구,1348648000,764188000,1934000
2018-06-01,2018,6,서초구,1346188000,758758000,1934000
2018-07-01,2018,7,서초구,1346086000,759016000,1934000
2018-08-01,2018,8,서초구,1357820000,766555000,1934000
2018-09-01,2018,9,서초구,1394578000,771500000,1937000
2018-10-01,2018,10,서초구,1402102000,772516000,1937000
2018-11-01,2018,11,서초구,1398398000,769578000,1937000
2018-12-01,2018,12,서초구,1394773000,764383000,1937000
2019-01-01,2019,1,서초구,1555515000,789000000,1913000
2019-02-01,2019,2,서초구,1544321000,779112000,1912000
2019-03-01,2019,3,서초구,1536679000,770813000,1909000
2019-04-01,2019,4,서초구,1527799000,767321000,1909000
2019-05-01,2019,5,서초구,1524067000,766291000,1909000
2019-06-01,2019,6,서초구,1523590000,766030000,1909000
2019-07-01,2019,7,서초구,1527097000,768149000,1908000
2019-08-01,2019,8,서초구,1531560000,773910000,1908000
2019-09-01,2019,9,서초구,1536963000,778321000,1908000
2019-10-01,2019,10,서초구,1546149000,781925000,1908000
2019-11-01,2019,11,서초구,1559873000,785284000,1908000
2019-12-01,2019,12,서초구,1594724000,791104000,1909000
2020-01-01,2020,1,서초구,1775269000,856349000,2057000
2020-02-01,2020,2,서초구,1776966000,862240000,2063000
2020-03-01,2020,3,서초구,1770507000,864651000,2064000
2020-04-01,2020,4,서초구,1750110000,864589000,2065000
2020-05-01,2020,5,서초구,1731616000,863541000,2066000
2020-06-01,2020,6,서초구,1732849000,866329000,2068000
2020-07-01,2020,7,서초구,1751014000,872822000,2068000
2020-08-01,2020,8,서초구,1757795000,880610000,2069000
2020-09-01,2020,9,서초구,1759164000,887658000,2070000
2020-10-01,2020,10,서초구,1759747000,891664000,2072000
2020-11-01,2020,11,서초구,1761322000,904007000,2079000
2020-12-01,2020,12,서초구,1771322000,917507000,2086000
2021-01-01,2021,1,서초구,1783411000,926658000,2091000
2021-02-01,2021,2,서초구,1797521000,934041000,2092000
2021-03-01,2021,3,서초구,1807781000,937288000,2094000
2021-04-01,2021,4,서초구,1818192000,939630000,2095000
2021-05-01,2021,5,서초구,1834199000,939726000,2095000
2021-06-01,2021,6,서초구,1873390000,977356000,2101000
2021-07-01,2021,7,서초구,1983714000,1081912000,1860000
2021-08-01,2021,8,서초구,2006381000,1092018000,1868000
2021-09-01,2021,9,서초구,2035696000,1104106000,1885000
2021-10-01,2021,10,서초구,2060762000,1111128000,1900000
2021-11-01,2021,11,서초구,2084527000,1116791000,1914000
2021-12-01,2021,12,서초구,2094883000,1119795000,1913000
2022-01-01,2022,1,서초구,2096275000,1120088000,1926000
2022-02-01,2022,2,서초구,2096253000,1119568000,1934000
2022-03-01,2022,3,서초구,2097930000,1120311000,1945000
2022-04-01,2022,4,서초구,2102201000,1119956000,1938000
2022-05-01,2022,5,서초구,2070784000,1139161000,1954000
2022-06-01,2022,6,서초구,2073128000,1140253000,1956000
2022-07-01,2022,7,서초구,2075300000,1139832000,1957000
2022-08-01,2022,8,서초구,2073652000,1137810000,1947000
2022-09-01,2022,9,서초구,2068883000,1132832000,1946000
2022-10-01,2022,10,서초구,2055557000,1117440000,1945000
2022-11-01,2022,11,서초구,2032095000,1079960000,1937000
2022-12-01,2022,12,서초구,1998300000,1027040000,1862000
2023-01-01,2023,1,서초구,1974637000,989396000,1882000
2023-02-01,2023,2,서초구,1963183000,960842000,1870000
2023-03-01,2023,3,서초구,1962388000,948322000,1857000
2023-04-01,2023,4,서초구,1964714000,939780000,1850000
2023-05-01,2023,5,서초구,1981495000,936381000,1875000
2023-06-01,2023,6,서초구,1995271000,934531000,1906000
2023-07-01,2023,7,서초구,2001502000,935729000,1906000
2023-08-01,2023,8,서초구,2010476000,937648000,1921000
2023-09-01,2023,9,서초구,2020209000,940696000,1928000
2023-10-01,2023,10,서초구,2025099000,944722000,1944000
2023-11-01,2023,11,서초구,2023223000,949147000,1950000
2023-12-01,2023,12,서초구,2019344000,953989000,1957000
2024-01-01,2024,1,서초구,2018158000,958237000,1964000
2024-02-01,2024,2,서초구,2014399000,959464000,1968000
2024-03-01,2024,3,서초구,2015723000,962831000,1975000
2018-01-01,2018,1,강남구,1418398000,766839000,1736000
2018-02-01,2018,2,강남구,1454511000,767108000,1738000
2018-03-01,2018,3,강남구,1466210000,764210000,1735000
2018-04-01,2018,4,강남구,1466237000,757892000,1725000
2018-05-01,2018,5,강남구,1463059000,746274000,1709000
2018-06-01,2018,6,강남구,1455855000,740091000,1706000
2018-07-01,2018,7,강남구,1449339000,737296000,1706000
2018-08-01,2018,8,강남구,1460570000,738247000,1707000
2018-09-01,2018,9,강남구,1495366000,745129000,1712000
2018-10-01,2018,10,강남구,1501737000,746876000,1718000
2018-11-01,2018,11,강남구,1502559000,749833000,1718000
2018-12-01,2018,12,강남구,1493269000,747688000,1715000
2019-01-01,2019,1,강남구,1617961000,766421000,1797000
2019-02-01,2019,2,강남구,1600129000,752135000,1775000
2019-03-01,2019,3,강남구,1586730000,739404000,1761000
2019-04-01,2019,4,강남구,1582011000,734933000,1750000
2019-05-01,2019,5,강남구,1580775000,733927000,1751000
2019-06-01,2019,6,강남구,1581596000,734034000,1752000
2019-07-01,2019,7,강남구,1584787000,735169000,1758000
2019-08-01,2019,8,강남구,1589466000,737006000,1760000
2019-09-01,2019,9,강남구,1593747000,739034000,1762000
2019-10-01,2019,10,강남구,1611242000,742275000,1765000
2019-11-01,2019,11,강남구,1630096000,747393000,1783000
2019-12-01,2019,12,강남구,1678062000,757551000,1796000
2020-01-01,2020,1,강남구,1758527000,769973000,1809000
2020-02-01,2020,2,강남구,1755204000,772140000,1809000
2020-03-01,2020,3,강남구,1749409000,774435000,1811000
2020-04-01,2020,4,강남구,1732086000,776656000,1812000
2020-05-01,2020,5,강남구,1714102000,777645000,1812000
2020-06-01,2020,6,강남구,1714914000,779565000,1813000
2020-07-01,2020,7,강남구,1731527000,785301000,1816000
2020-08-01,2020,8,강남구,1738333000,792038000,1817000
2020-09-01,2020,9,강남구,1741538000,797349000,1820000
2020-10-01,2020,10,강남구,1742161000,801285000,1823000
2020-11-01,2020,11,강남구,1742968000,812801000,1832000
2020-12-01,2020,12,강남구,1748478000,823027000,1840000
2021-01-01,2021,1,강남구,1757349000,832344000,1850000
2021-02-01,2021,2,강남구,1768618000,840016000,1858000
2021-03-01,2021,3,강남구,1760156000,852043000,1877000
2021-04-01,2021,4,강남구,1772882000,852091000,1877000
2021-05-01,2021,5,강남구,1789457000,852102000,1877000
2021-06-01,2021,6,강남구,1818801000,856366000,1880000
2021-07-01,2021,7,강남구,2196672000,1131300000,2418000
2021-08-01,2021,8,강남구,2218407000,1139405000,2421000
2021-09-01,2021,9,강남구,2249256000,1148018000,2439000
2021-10-01,2021,10,강남구,2275295000,1156946000,2448000
2021-11-01,2021,11,강남구,2292907000,1162847000,2465000
2021-12-01,2021,12,강남구,2304003000,1166855000,2477000
2022-01-01,2022,1,강남구,2305732000,1168145000,2495000
2022-02-01,2022,2,강남구,2304587000,1167557000,2490000
2022-03-01,2022,3,강남구,2305295000,1167515000,2496000
2022-04-01,2022,4,강남구,2309428000,1166783000,2499000
2022-05-01,2022,5,강남구,2311539000,1166898000,2502000
2022-06-01,2022,6,강남구,2312319000,1168277000,2502000
2022-07-01,2022,7,강남구,2311575000,1168554000,2509000
2022-08-01,2022,8,강남구,2308410000,1166042000,2512000
2022-09-01,2022,9,강남구,2299081000,1159307000,2515000
2022-10-01,2022,10,강남구,2277322000,1146428000,2513000
2022-11-01,2022,11,강남구,2243753000,1120367000,2511000
2022-12-01,2022,12,강남구,2204575000,1070078000,2477000
2023-01-01,2023,1,강남구,2150633000,1017777000,2493000
2023-02-01,2023,2,강남구,2134133000,971807000,2454000
2023-03-01,2023,3,강남구,2125542000,946163000,2420000
2023-04-01,2023,4,강남구,2125042000,939542000,2412000
2023-05-01,2023,5,강남구,2136443000,945407000,2407000
2023-06-01,2023,6,강남구,2152892000,948852000,2409000
2023-07-01,2023,7,강남구,2167105000,950639000,2413000
2023-08-01,2023,8,강남구,2184367000,954949000,2418000
2023-09-01,2023,9,강남구,2199452000,960431000,2423000
2023-10-01,2023,10,강남구,2207880000,963289000,2424000
2023-11-01,2023,11,강남구,2207111000,966898000,2428000
2023-12-01,2023,12,강남구,2203566000,968861000,2429000
2024-01-01,2024,1,강남구,2212518000,982551000,2446000
2024-02-01,2024,2,강남구,2209810000,981696000,2447000
2024-03-01,2024,3,강남구,2209429000,982670000,2450000
2018-01-01,2018,1,송파구,1032208000,563007000,1201000
2018-02-01,2018,2,송파구,1056965000,560431000,1200000
2018-03-01,2018,3,송파구,1068264000,554688000,1204000
2018-04-01,2018,4,송파구,1067938000,548486000,1196000
2018-05-01,2018,5,송파구,1063993000,540854000,1192000
2018-06-01,2018,6,송파구,1056972000,534222000,1186000
2018-07-01,2018,7,송파구,1052486000,531535000,1183000
2018-08-01,2018,8,송파구,1062549000,533354000,1182000
2018-09-01,2018,9,송파구,1077813000,542111000,1169000
2018-10-01,2018,10,송파구,1083326000,543583000,1169000
2018-11-01,2018,11,송파구,1070514000,543792000,1171000
2018-12-01,2018,12,송파구,1063479000,540965000,1170000
2019-01-01,2019,1,송파구,1113576000,538142000,1227000
2019-02-01,2019,2,송파구,1107382000,531299000,1223000
2019-03-01,2019,3,송파구,1100618000,529035000,1220000
2019-04-01,2019,4,송파구,1098257000,530521000,1219000
2019-05-01,2019,5,송파구,1098146000,532056000,1219000
2019-06-01,2019,6,송파구,1099660000,532951000,1219000
2019-07-01,2019,7,송파구,1102847000,533368000,1219000
2019-08-01,2019,8,송파구,1104521000,533826000,1219000
2019-09-01,2019,9,송파구,1106472000,534181000,1220000
2019-10-01,2019,10,송파구,1118417000,537972000,1220000
2019-11-01,2019,11,송파구,1130090000,541111000,1220000
2019-12-01,2019,12,송파구,1166361000,548201000,1228000
2020-01-01,2020,1,송파구,1256877000,564010000,1256000
2020-02-01,2020,2,송파구,1251701000,566679000,1262000
2020-03-01,2020,3,송파구,1245727000,566834000,1263000
2020-04-01,2020,4,송파구,1235416000,565818000,1267000
2020-05-01,2020,5,송파구,1234545000,570890000,1272000
2020-06-01,2020,6,송파구,1240305000,575117000,1273000
2020-07-01,2020,7,송파구,1260838000,579416000,1273000
2020-08-01,2020,8,송파구,1265377000,586656000,1275000
2020-09-01,2020,9,송파구,1266416000,592643000,1276000
2020-10-01,2020,10,송파구,1266792000,596221000,1279000
2020-11-01,2020,11,송파구,1267214000,605844000,1285000
2020-12-01,2020,12,송파구,1270682000,614435000,1295000
2021-01-01,2021,1,송파구,1279766000,621734000,1300000
2021-02-01,2021,2,송파구,1292870000,625357000,1301000
2021-03-01,2021,3,송파구,1301260000,628019000,1301000
2021-04-01,2021,4,송파구,1310260000,628221000,1301000
2021-05-01,2021,5,송파구,1321318000,628974000,1302000
2021-06-01,2021,6,송파구,1341981000,637903000,1302000
2021-07-01,2021,7,송파구,1606536000,828310000,1462000
2021-08-01,2021,8,송파구,1625248000,835523000,1471000
2021-09-01,2021,9,송파구,1648966000,840783000,1480000
2021-10-01,2021,10,송파구,1670424000,847368000,1497000
2021-11-01,2021,11,송파구,1684514000,850433000,1505000
2021-12-01,2021,12,송파구,1690684000,852285000,1517000
2022-01-01,2022,1,송파구,1691359000,852381000,1520000
2022-02-01,2022,2,송파구,1689712000,851409000,1521000
2022-03-01,2022,3,송파구,1689183000,850201000,1521000
2022-04-01,2022,4,송파구,1689046000,849594000,1520000
2022-05-01,2022,5,송파구,1688316000,849520000,1518000
2022-06-01,2022,6,송파구,1686892000,849133000,1519000
2022-07-01,2022,7,송파구,1683774000,848378000,1519000
2022-08-01,2022,8,송파구,1675170000,844573000,1522000
2022-09-01,2022,9,송파구,1656180000,831372000,1523000
2022-10-01,2022,10,송파구,1620155000,803492000,1523000
2022-11-01,2022,11,송파구,1575350000,773074000,1518000
2022-12-01,2022,12,송파구,1521594000,732214000,1464000
2023-01-01,2023,1,송파구,1515872000,709826000,1480000
2023-02-01,2023,2,송파구,1510180000,687692000,1467000
2023-03-01,2023,3,송파구,1513466000,673994000,1449000
2023-04-01,2023,4,송파구,1513503000,674640000,1454000
2023-05-01,2023,5,송파구,1531659000,683491000,1473000
2023-06-01,2023,6,송파구,1555695000,690415000,1487000
2023-07-01,2023,7,송파구,1572945000,696570000,1479000
2023-08-01,2023,8,송파구,1600168000,707338000,1482000
2023-09-01,2023,9,송파구,1617838000,715784000,1479000
2023-10-01,2023,10,송파구,1626015000,722927000,1476000
2023-11-01,2023,11,송파구,1629671000,732966000,1473000
2023-12-01,2023,12,송파구,1627241000,738040000,1471000
2024-01-01,2024,1,송파구,1616471000,741256000,1482000
2024-02-01,2024,2,송파구,1617309000,739332000,1480000
2024-03-01,2024,3,송파구,1621750000,739041000,1483000
2018-01-01,2018,1,강동구,572700000,407187000,937000
2018-02-01,2018,2,강동구,594793000,408713000,937000
2018-03-01,2018,3,강동구,602720000,405307000,936000
2018-04-01,2018,4,강동구,604327000,401333000,932000
2018-05-01,2018,5,강동구,603973000,398607000,930000
2018-06-01,2018,6,강동구,605960000,397960000,930000
2018-07-01,2018,7,강동구,607187000,398860000,934000
2018-08-01,2018,8,강동구,611693000,401473000,934000
2018-09-01,2018,9,강동구,635327000,403827000,940000
2018-10-01,2018,10,강동구,640220000,405047000,940000
2018-11-01,2018,11,강동구,640713000,404807000,941000
2018-12-01,2018,12,강동구,639167000,401633000,939000
2019-01-01,2019,1,강동구,735167000,413635000,961000
2019-02-01,2019,2,강동구,728643000,406016000,963000
2019-03-01,2019,3,강동구,721690000,401310000,962000
2019-04-01,2019,4,강동구,713683000,396690000,962000
2019-05-01,2019,5,강동구,706183000,392659000,960000
2019-06-01,2019,6,강동구,703675000,390516000,959000
2019-07-01,2019,7,강동구,702968000,388992000,958000
2019-08-01,2019,8,강동구,703944000,388984000,958000
2019-09-01,2019,9,강동구,705429000,389214000,959000
2019-10-01,2019,10,강동구,711976000,389103000,959000
2019-11-01,2019,11,강동구,719000000,389135000,959000
2019-12-01,2019,12,강동구,740921000,393579000,964000
2020-01-01,2020,1,강동구,787716000,398940000,971000
2020-02-01,2020,2,강동구,787881000,398866000,970000
2020-03-01,2020,3,강동구,788179000,399269000,970000
2020-04-01,2020,4,강동구,787343000,399821000,986000
2020-05-01,2020,5,강동구,785164000,400388000,986000
2020-06-01,2020,6,강동구,784776000,401560000,986000
2020-07-01,2020,7,강동구,796149000,405500000,989000
2020-08-01,2020,8,강동구,798575000,411284000,991000
2020-09-01,2020,9,강동구,800418000,414858000,966000
2020-10-01,2020,10,강동구,800806000,417388000,955000
2020-11-01,2020,11,강동구,801209000,423470000,943000
2020-12-01,2020,12,강동구,803306000,430209000,948000
2021-01-01,2021,1,강동구,807813000,435164000,952000
2021-02-01,2021,2,강동구,813870000,439261000,956000
2021-03-01,2021,3,강동구,817990000,441082000,958000
2021-04-01,2021,4,강동구,821482000,440858000,958000
2021-05-01,2021,5,강동구,825448000,440627000,958000
2021-06-01,2021,6,강동구,835836000,444560000,960000
2021-07-01,2021,7,강동구,988594000,570056000,1026000
2021-08-01,2021,8,강동구,997388000,574819000,1034000
2021-09-01,2021,9,강동구,1008121000,579413000,1048000
2021-10-01,2021,10,강동구,1017067000,583904000,1058000
2021-11-01,2021,11,강동구,1023500000,587386000,1067000
2021-12-01,2021,12,강동구,1026442000,588868000,1069000
2022-01-01,2022,1,강동구,1026094000,588864000,1070000
2022-02-01,2022,2,강동구,1024893000,588346000,1069000
2022-03-01,2022,3,강동구,1024241000,587913000,1068000
2022-04-01,2022,4,강동구,1024603000,587975000,1069000
2022-05-01,2022,5,강동구,1024768000,587935000,1074000
2022-06-01,2022,6,강동구,1023576000,587888000,1072000
2022-07-01,2022,7,강동구,1022424000,587364000,1076000
2022-08-01,2022,8,강동구,1019768000,586038000,1077000
2022-09-01,2022,9,강동구,1012853000,580520000,1073000
2022-10-01,2022,10,강동구,997018000,568051000,1073000
2022-11-01,2022,11,강동구,968647000,548730000,1068000
2022-12-01,2022,12,강동구,939335000,521470000,1051000
2023-01-01,2023,1,강동구,912677000,492546000,1059000
2023-02-01,2023,2,강동구,898817000,476743000,1057000
2023-03-01,2023,3,강동구,898032000,473785000,1060000
2023-04-01,2023,4,강동구,897514000,472875000,1052000
2023-05-01,2023,5,강동구,900661000,474524000,1059000
2023-06-01,2023,6,강동구,903303000,476209000,1063000
2023-07-01,2023,7,강동구,908606000,479763000,1074000
2023-08-01,2023,8,강동구,918199000,484229000,1078000
2023-09-01,2023,9,강동구,926677000,489237000,1082000
2023-10-01,2023,10,강동구,933072000,493468000,1087000
2023-11-01,2023,11,강동구,937044000,497520000,1090000
2023-12-01,2023,12,강동구,936422000,498874000,1091000
2024-01-01,2024,1,강동구,930217000,497144000,1090000
2024-02-01,2024,2,강동구,928617000,496658000,1090000
2024-03-01,2024,3,강동구,928075000,495919000,1088000
